unit_id,process_step,machine_id,speed,force_kN,temperature_C,pressure_bar,power_usage_kW
U-1042,laser_cutting,L-03,24.16,,332.12,13.85,19.11
U-1042,bending,B-02,11.4,81.11,27.6,,8.04
U-1042,welding,W-01,0.6,,1533.19,2.88,9.99
U-1043,laser_cutting,L-02,21.97,,331.15,15.0,20.54
U-1043,bending,B-01,9.62,75.2,28.19,,7.61
U-1043,welding,W-02,0.55,,1505.41,2.98,9.03
U-1044,laser_cutting,L-03,19.88,,337.15,13.42,20.3
U-1044,bending,B-02,10.4,76.44,28.97,,6.87
U-1044,welding,W-02,0.6,,1429.93,3.18,10.17
U-1045,laser_cutting,L-03,23.99,,341.77,14.63,19.57
U-1045,bending,B-01,9.28,77.98,27.82,,7.53
U-1045,welding,W-02,0.59,,1417.07,3.41,9.4
U-1046,laser_cutting,L-03,22.85,,338.17,12.72,19.22
U-1046,bending,B-01,10.87,84.98,27.84,,7.67
U-1046,welding,W-01,0.61,,1531.56,2.97,9.55
U-1047,laser_cutting,L-03,22.51,,317.69,13.92,19.55
U-1047,bending,B-01,10.0,78.86,28.17,,6.7
U-1047,welding,W-01,0.56,,1535.93,2.8,10.26
U-1048,laser_cutting,L-01,19.48,,323.52,11.8,18.98
U-1048,bending,B-02,11.21,86.8,28.98,,8.04
U-1048,welding,W-02,0.55,,1561.55,3.03,10.39
U-1049,laser_cutting,L-02,20.63,,297.29,13.82,16.64
U-1049,bending,B-01,10.19,72.75,27.02,,8.0
U-1049,welding,W-02,0.6,,1488.26,3.03,8.72
U-1050,laser_cutting,L-02,20.79,,318.19,15.26,17.34
U-1050,bending,B-01,9.95,83.37,28.48,,7.32
U-1050,welding,W-02,0.6,,1424.83,3.03,8.67
U-1051,laser_cutting,L-01,20.34,,311.84,12.73,17.34
U-1051,bending,B-01,10.74,77.29,27.46,,7.16
U-1051,welding,W-02,0.58,,1432.39,3.0,10.29
U-1052,laser_cutting,L-03,22.85,,338.87,15.24,19.27
U-1052,bending,B-01,9.06,84.72,28.07,,7.48
U-1052,welding,W-01,0.62,,1397.59,3.09,10.35
U-1053,laser_cutting,L-03,23.67,,320.81,13.52,19.2
U-1053,bending,B-02,11.66,80.94,29.58,,6.51
U-1053,welding,W-02,0.56,,1474.2,3.23,9.97
U-1054,laser_cutting,L-02,21.43,,321.43,14.33,18.29
U-1054,bending,B-02,10.65,80.04,28.05,,7.32
U-1054,welding,W-01,0.63,,1512.37,3.01,9.95
U-1055,laser_cutting,L-03,23.88,,306.51,15.22,17.78
U-1055,bending,B-02,11.05,84.79,29.98,,7.23
U-1055,welding,W-02,0.54,,1424.62,3.0,10.17
U-1056,laser_cutting,L-01,18.43,,307.13,12.37,19.39
U-1056,bending,B-02,11.29,89.4,28.79,,7.73
U-1056,welding,W-02,0.52,,1518.41,3.14,10.54
U-1057,laser_cutting,L-01,20.93,,318.2,13.45,18.74
U-1057,bending,B-02,10.83,76.31,27.46,,7.82
U-1057,welding,W-02,0.52,,1440.79,3.29,9.16
U-1058,laser_cutting,L-02,21.82,,310.79,13.8,19.43
U-1058,bending,B-01,10.29,79.49,27.06,,6.94
U-1058,welding,W-01,0.59,,1534.31,3.1,8.26
U-1059,laser_cutting,L-03,21.23,,317.85,14.47,20.67
U-1059,bending,B-02,11.51,81.43,26.82,,7.28
U-1059,welding,W-02,0.58,,1467.9,3.31,10.44
U-1060,laser_cutting,L-03,24.17,,342.56,14.11,19.99
U-1060,bending,B-02,10.18,87.35,29.45,,7.54
U-1060,welding,W-01,0.58,,1449.3,2.91,8.64
U-1061,laser_cutting,L-02,22.76,,314.53,15.38,20.03
U-1061,bending,B-02,11.09,84.1,29.05,,7.23
U-1061,welding,W-02,0.54,,1434.52,3.32,9.37
U-1062,laser_cutting,L-01,19.92,,297.24,13.28,15.89
U-1062,bending,B-01,9.14,70.6,26.12,,7.99
U-1062,welding,W-02,0.52,,1520.06,3.3,8.91
U-1063,laser_cutting,L-03,20.85,,309.92,12.94,17.56
U-1063,bending,B-01,10.27,73.77,26.47,,6.69
U-1063,welding,W-01,0.64,,1453.8,3.09,8.9
U-1064,laser_cutting,L-03,23.18,,304.46,13.77,18.37
U-1064,bending,B-01,9.02,73.96,29.08,,7.7
U-1064,welding,W-01,0.61,,1463.15,3.21,8.32
U-1065,laser_cutting,L-02,20.48,,310.4,13.89,19.73
U-1065,bending,B-01,9.63,80.93,27.19,,6.75
U-1065,welding,W-02,0.54,,1444.77,3.45,9.62
U-1066,laser_cutting,L-01,18.19,,286.48,13.64,18.1
U-1066,bending,B-01,9.78,77.41,29.13,,8.0
U-1066,welding,W-01,0.58,,1455.19,3.03,9.97
U-1067,laser_cutting,L-01,20.67,,285.41,12.36,16.41
U-1067,bending,B-01,9.96,84.17,26.78,,6.52
U-1067,welding,W-02,0.5,,1422.5,3.26,8.78
U-1068,laser_cutting,L-02,19.59,,305.53,15.2,19.24
U-1068,bending,B-01,9.63,83.92,26.56,,7.25
U-1068,welding,W-01,0.64,,1514.82,3.17,9.58
U-1069,laser_cutting,L-01,18.53,,313.31,13.83,16.21
U-1069,bending,B-01,10.47,78.66,27.72,,7.19
U-1069,welding,W-02,0.54,,1432.09,3.24,10.48
U-1070,laser_cutting,L-01,18.78,,319.31,13.41,16.62
U-1070,bending,B-01,10.05,83.43,28.6,,7.76
U-1070,welding,W-02,0.57,,1546.26,3.42,9.67
U-1071,laser_cutting,L-02,21.39,,310.28,13.76,19.33
U-1071,bending,B-02,10.68,86.82,26.94,,7.33
U-1071,welding,W-01,0.62,,1387.45,2.99,9.45
U-1072,laser_cutting,L-03,20.14,,306.44,13.54,19.73
U-1072,bending,B-02,10.62,80.92,26.92,,6.69
U-1072,welding,W-02,0.51,,1523.5,3.2,8.97
U-1073,laser_cutting,L-01,19.45,,298.05,11.77,15.4
U-1073,bending,B-01,10.86,82.41,25.85,,7.79
U-1073,welding,W-02,0.55,,1493.86,2.97,8.74
U-1074,laser_cutting,L-02,22.18,,294.78,12.76,17.21
U-1074,bending,B-02,9.93,78.44,26.76,,6.36
U-1074,welding,W-01,0.63,,1561.26,2.92,9.06
U-1075,laser_cutting,L-03,23.79,,309.79,14.09,18.05
U-1075,bending,B-02,11.36,89.6,28.64,,7.94
U-1075,welding,W-01,0.57,,1500.81,2.82,9.37
U-1076,laser_cutting,L-01,21.87,,292.14,11.76,18.36
U-1076,bending,B-01,10.96,73.75,27.07,,7.25
U-1076,welding,W-02,0.56,,1444.61,3.42,9.57
U-1077,laser_cutting,L-02,20.63,,320.73,14.13,16.48
U-1077,bending,B-02,10.01,86.69,27.33,,6.75
U-1077,welding,W-02,0.59,,1569.91,3.44,9.12
U-1078,laser_cutting,L-02,19.01,,297.13,13.9,20.29
U-1078,bending,B-01,10.64,76.13,28.37,,7.99
U-1078,welding,W-02,0.53,,1553.28,3.25,10.06
U-1079,laser_cutting,L-02,21.48,,309.13,15.11,16.96
U-1079,bending,B-01,9.37,84.15,27.95,,6.57
U-1079,welding,W-01,0.63,,1437.76,3.29,9.19
U-1080,laser_cutting,L-02,23.09,,333.99,14.44,16.78
U-1080,bending,B-01,9.42,76.11,29.07,,6.89
U-1080,welding,W-02,0.51,,1546.9,3.51,10.69
U-1081,laser_cutting,L-02,21.89,,327.79,12.88,17.28
U-1081,bending,B-02,10.89,86.08,28.97,,7.39
U-1081,welding,W-01,0.62,,1438.78,3.11,8.26
U-1082,laser_cutting,L-01,19.12,,310.07,13.5,17.48
U-1082,bending,B-01,10.31,84.84,28.71,,7.64
U-1082,welding,W-02,0.59,,1529.86,3.24,8.81
U-1083,laser_cutting,L-02,23.0,,298.96,13.78,16.39
U-1083,bending,B-02,10.52,87.88,27.66,,7.89
U-1083,welding,W-01,0.63,,1434.95,3.2,8.73
U-1084,laser_cutting,L-02,19.19,,305.11,12.73,18.75
U-1084,bending,B-01,10.46,79.54,25.88,,7.84
U-1084,welding,W-01,0.66,,1495.53,3.02,9.99
U-1085,laser_cutting,L-01,20.4,,289.48,11.94,19.17
U-1085,bending,B-01,10.76,79.12,27.47,,7.05
U-1085,welding,W-01,0.59,,1491.94,3.08,9.43
U-1086,laser_cutting,L-03,20.26,,320.0,13.97,19.14
U-1086,bending,B-01,10.27,71.31,26.54,,6.93
U-1086,welding,W-02,0.53,,1587.54,3.09,9.69
U-1087,laser_cutting,L-01,18.03,,293.54,11.8,15.76
U-1087,bending,B-01,10.14,78.2,26.68,,7.93
U-1087,welding,W-01,0.58,,1473.15,3.22,9.21
U-1088,laser_cutting,L-01,19.69,,301.03,14.06,18.33
U-1088,bending,B-01,9.0,80.13,25.83,,6.75
U-1088,welding,W-01,0.57,,1502.91,3.18,9.59
U-1089,laser_cutting,L-01,18.32,,298.84,14.15,18.14
U-1089,bending,B-02,11.21,73.97,28.92,,7.9
U-1089,welding,W-02,0.55,,1560.21,3.51,10.5
U-1090,laser_cutting,L-03,22.34,,305.82,12.94,18.71
U-1090,bending,B-02,11.77,80.42,26.88,,7.25
U-1090,welding,W-02,0.59,,1565.69,3.47,9.57
U-1091,laser_cutting,L-02,21.79,,309.59,13.07,18.14
U-1091,bending,B-01,9.69,72.61,25.74,,7.43
U-1091,welding,W-01,0.61,,1446.23,2.83,10.32
U-1092,laser_cutting,L-01,18.91,,323.12,13.08,15.88
U-1092,bending,B-01,10.51,77.35,26.67,,7.88
U-1092,welding,W-02,0.59,,1516.86,3.41,10.89
U-1093,laser_cutting,L-01,20.21,,306.13,13.68,18.84
U-1093,bending,B-01,9.52,73.24,25.85,,6.9
U-1093,welding,W-01,0.62,,1469.66,2.94,10.34
U-1094,laser_cutting,L-02,21.51,,302.61,13.71,16.38
U-1094,bending,B-01,10.44,78.52,28.7,,6.53
U-1094,welding,W-02,0.57,,1490.76,2.9,10.85
U-1095,laser_cutting,L-02,20.96,,315.55,14.18,18.19
U-1095,bending,B-01,10.73,85.5,27.08,,7.75
U-1095,welding,W-02,0.59,,1485.46,3.42,10.67
U-1096,laser_cutting,L-02,19.03,,333.65,13.22,19.5
U-1096,bending,B-02,10.51,77.26,30.09,,6.32
U-1096,welding,W-02,0.59,,1457.74,2.89,10.3
U-1097,laser_cutting,L-01,21.54,,312.3,11.97,17.0
U-1097,bending,B-02,9.95,78.82,28.6,,7.41
U-1097,welding,W-01,0.62,,1398.79,3.21,8.65
U-1098,laser_cutting,L-02,21.7,,303.01,15.02,18.01
U-1098,bending,B-01,10.17,83.34,27.58,,6.68
U-1098,welding,W-01,0.62,,1400.67,3.23,9.23
U-1099,laser_cutting,L-02,19.89,,306.72,13.41,18.73
U-1099,bending,B-01,9.54,77.95,26.65,,6.53
U-1099,welding,W-01,0.56,,1525.1,3.13,9.44
U-1100,laser_cutting,L-02,20.33,,332.4,12.83,20.39
U-1100,bending,B-01,10.14,84.35,28.96,,7.04
U-1100,welding,W-02,0.57,,1423.5,2.91,9.89
U-1101,laser_cutting,L-03,21.03,,309.39,14.49,20.45
U-1101,bending,B-01,10.27,85.79,26.02,,7.17
U-1101,welding,W-01,0.58,,1447.21,2.73,9.83
U-1102,laser_cutting,L-03,21.43,,340.18,14.65,19.11
U-1102,bending,B-01,10.3,81.72,26.76,,7.43
U-1102,welding,W-02,0.52,,1571.95,3.06,9.42
U-1103,laser_cutting,L-02,20.32,,295.28,12.95,18.06
U-1103,bending,B-01,10.81,74.36,28.19,,7.84
U-1103,welding,W-02,0.52,,1443.4,2.96,10.59
U-1104,laser_cutting,L-03,20.6,,322.12,13.53,17.74
U-1104,bending,B-02,11.11,88.22,29.06,,7.26
U-1104,welding,W-01,0.57,,1416.54,2.79,10.12
U-1105,laser_cutting,L-01,18.23,,322.35,14.15,18.64
U-1105,bending,B-02,10.35,85.7,28.86,,7.87
U-1105,welding,W-01,0.62,,1450.67,3.1,8.68
U-1106,laser_cutting,L-02,20.87,,330.37,14.58,16.48
U-1106,bending,B-01,10.06,73.97,27.41,,7.49
U-1106,welding,W-02,0.58,,1489.39,3.23,9.58
U-1107,laser_cutting,L-01,19.57,,310.71,11.98,18.01
U-1107,bending,B-02,11.15,78.06,28.19,,7.34
U-1107,welding,W-02,0.58,,1575.34,3.48,10.83
U-1108,laser_cutting,L-02,20.55,,328.93,14.76,17.59
U-1108,bending,B-01,10.53,83.54,27.77,,7.76
U-1108,welding,W-01,0.62,,1419.36,2.89,10.01
U-1109,laser_cutting,L-01,20.65,,289.62,12.45,16.99
U-1109,bending,B-01,10.03,77.71,27.88,,6.46
U-1109,welding,W-02,0.56,,1470.01,3.3,9.12
U-1110,laser_cutting,L-01,18.11,,317.75,13.65,16.27
U-1110,bending,B-01,9.86,75.29,28.6,,6.55
U-1110,welding,W-01,0.64,,1453.08,3.16,9.95
U-1111,laser_cutting,L-03,20.71,,306.96,12.79,20.43
U-1111,bending,B-01,10.62,83.24,26.82,,7.51
U-1111,welding,W-02,0.55,,1455.41,3.15,8.64
U-1112,laser_cutting,L-01,19.67,,305.38,11.84,19.44
U-1112,bending,B-01,10.46,85.28,26.44,,7.46
U-1112,welding,W-01,0.58,,1438.82,3.13,9.94
U-1113,laser_cutting,L-02,21.38,,321.14,12.82,18.65
U-1113,bending,B-02,11.04,78.21,28.89,,7.14
U-1113,welding,W-01,0.55,,1474.36,3.01,8.93
U-1114,laser_cutting,L-02,21.9,,313.11,15.18,19.33
U-1114,bending,B-02,10.21,77.3,29.02,,6.58
U-1114,welding,W-01,0.62,,1459.56,3.03,8.8
U-1115,laser_cutting,L-01,21.36,,285.45,13.53,19.42
U-1115,bending,B-02,11.0,85.38,28.54,,7.25
U-1115,welding,W-02,0.54,,1426.51,3.43,8.92
U-1116,laser_cutting,L-03,23.39,,324.86,12.8,17.61
U-1116,bending,B-02,10.31,74.12,28.02,,6.63
U-1116,welding,W-02,0.58,,1478.82,2.92,10.41
U-1117,laser_cutting,L-02,23.02,,326.13,14.65,16.72
U-1117,bending,B-01,9.2,74.53,26.62,,7.06
U-1117,welding,W-02,0.54,,1542.74,3.33,9.55
U-1118,laser_cutting,L-03,22.07,,334.79,14.37,18.67
U-1118,bending,B-01,9.59,71.64,27.75,,7.39
U-1118,welding,W-02,0.57,,1472.82,3.24,9.62
U-1119,laser_cutting,L-02,19.39,,312.6,14.31,17.16
U-1119,bending,B-02,11.6,84.05,27.96,,6.39
U-1119,welding,W-01,0.65,,1419.06,3.14,9.49
U-1120,laser_cutting,L-02,18.93,,311.97,12.86,19.57
U-1120,bending,B-01,9.02,79.4,27.8,,7.42
U-1120,welding,W-02,0.51,,1439.46,3.44,10.3
U-1121,laser_cutting,L-03,20.75,,328.84,14.27,17.87
U-1121,bending,B-02,10.74,81.89,27.63,,7.68
U-1121,welding,W-02,0.58,,1483.22,3.01,10.45
U-1122,laser_cutting,L-01,20.67,,315.71,12.88,17.98
U-1122,bending,B-02,11.33,89.16,26.83,,7.74
U-1122,welding,W-02,0.52,,1514.43,3.14,9.67
U-1123,laser_cutting,L-01,18.45,,305.14,13.74,19.31
U-1123,bending,B-01,10.65,77.16,28.48,,6.31
U-1123,welding,W-01,0.63,,1391.95,3.22,9.96
U-1124,laser_cutting,L-01,19.42,,304.72,14.15,19.02
U-1124,bending,B-01,9.39,83.6,28.03,,7.77
U-1124,welding,W-02,0.54,,1518.32,2.98,10.15
U-1125,laser_cutting,L-01,21.45,,305.74,13.75,16.56
U-1125,bending,B-01,9.33,84.1,26.5,,6.92
U-1125,welding,W-02,0.52,,1452.56,3.09,10.33
U-1126,laser_cutting,L-03,23.12,,340.25,14.5,18.05
U-1126,bending,B-01,10.26,78.51,26.06,,7.36
U-1126,welding,W-02,0.55,,1423.16,3.37,10.16
U-1127,laser_cutting,L-03,22.83,,314.54,12.63,19.46
U-1127,bending,B-02,11.71,87.63,28.37,,6.88
U-1127,welding,W-01,0.65,,1465.4,2.75,8.97
U-1128,laser_cutting,L-03,19.98,,323.94,13.11,19.54
U-1128,bending,B-01,10.03,85.63,26.46,,7.95
U-1128,welding,W-01,0.55,,1514.96,3.07,9.69
U-1129,laser_cutting,L-03,23.51,,319.53,14.37,16.63
U-1129,bending,B-01,10.53,79.31,28.39,,7.62
U-1129,welding,W-01,0.61,,1517.41,2.8,8.54
U-1130,laser_cutting,L-02,22.09,,318.57,14.43,20.2
U-1130,bending,B-02,11.48,78.24,27.34,,6.85
U-1130,welding,W-01,0.64,,1514.04,3.15,9.36
U-1131,laser_cutting,L-03,23.3,,315.31,14.54,17.39
U-1131,bending,B-01,9.54,73.18,28.09,,6.68
U-1131,welding,W-01,0.63,,1412.89,2.75,9.67
U-1132,laser_cutting,L-01,19.06,,301.19,14.01,18.8
U-1132,bending,B-01,10.78,75.27,28.81,,8.04
U-1132,welding,W-02,0.52,,1511.83,2.92,8.78
U-1133,laser_cutting,L-03,19.98,,321.11,12.96,16.3
U-1133,bending,B-01,9.03,71.45,26.75,,6.33
U-1133,welding,W-01,0.65,,1455.69,2.94,8.98
U-1134,laser_cutting,L-01,20.7,,290.4,13.2,17.72
U-1134,bending,B-01,9.42,85.73,29.09,,7.44
U-1134,welding,W-02,0.56,,1411.48,3.17,10.15
U-1135,laser_cutting,L-01,20.76,,312.19,13.39,16.47
U-1135,bending,B-01,9.83,73.38,25.8,,7.31
U-1135,welding,W-02,0.5,,1434.12,3.17,9.63
U-1136,laser_cutting,L-03,21.57,,310.39,14.2,17.45
U-1136,bending,B-02,10.01,74.32,28.14,,6.45
U-1136,welding,W-02,0.57,,1515.68,3.2,10.87
U-1137,laser_cutting,L-03,20.68,,313.0,14.54,18.91
U-1137,bending,B-02,10.18,79.5,28.18,,6.99
U-1137,welding,W-02,0.54,,1433.49,3.18,8.68
U-1138,laser_cutting,L-03,24.08,,335.59,15.31,18.18
U-1138,bending,B-01,10.65,75.9,26.89,,6.83
U-1138,welding,W-01,0.65,,1523.93,2.75,10.32
U-1139,laser_cutting,L-02,21.34,,314.87,13.0,19.01
U-1139,bending,B-01,10.97,76.37,28.16,,6.79
U-1139,welding,W-02,0.6,,1528.61,3.01,8.66
U-1140,laser_cutting,L-01,21.56,,299.49,12.21,17.38
U-1140,bending,B-01,10.72,76.55,26.8,,7.09
U-1140,welding,W-02,0.59,,1558.07,3.21,10.3
U-1141,laser_cutting,L-03,23.06,,315.62,12.97,20.05
U-1141,bending,B-02,10.98,80.47,29.89,,7.36
U-1141,welding,W-02,0.54,,1417.94,3.24,10.56
U-1142,laser_cutting,L-01,18.87,,319.09,12.35,16.42
U-1142,bending,B-02,11.12,77.07,27.67,,6.71
U-1142,welding,W-02,0.6,,1551.93,3.26,8.57
U-1143,laser_cutting,L-02,21.41,,334.78,14.75,17.99
U-1143,bending,B-01,9.41,75.51,27.44,,7.38
U-1143,welding,W-01,0.61,,1460.1,3.2,8.46
U-1144,laser_cutting,L-02,19.11,,323.7,12.91,18.94
U-1144,bending,B-01,9.78,81.91,26.09,,7.65
U-1144,welding,W-01,0.64,,1552.31,2.92,8.82
U-1145,laser_cutting,L-03,21.09,,317.82,13.42,16.39
U-1145,bending,B-02,11.39,79.01,29.69,,7.96
U-1145,welding,W-01,0.59,,1505.32,3.03,8.88
U-1146,laser_cutting,L-02,20.76,,305.02,13.56,19.96
U-1146,bending,B-01,9.55,75.53,27.23,,7.9
U-1146,welding,W-02,0.5,,1574.74,3.29,9.2
U-1147,laser_cutting,L-01,21.46,,294.73,13.56,18.94
U-1147,bending,B-02,10.59,85.13,27.59,,6.63
U-1147,welding,W-02,0.51,,1542.17,3.22,9.23
U-1148,laser_cutting,L-03,22.37,,320.23,13.59,16.4
U-1148,bending,B-02,11.44,80.54,28.64,,7.95
U-1148,welding,W-01,0.61,,1464.96,2.77,10.31
U-1149,laser_cutting,L-03,23.27,,335.12,14.17,17.31
U-1149,bending,B-02,12.03,80.87,27.86,,6.39
U-1149,welding,W-02,0.56,,1449.74,3.25,9.4
U-1150,laser_cutting,L-01,21.58,,315.96,12.11,15.52
U-1150,bending,B-01,9.44,76.14,28.49,,7.74
U-1150,welding,W-01,0.65,,1399.86,3.26,9.64
U-1151,laser_cutting,L-02,21.66,,333.64,14.17,19.42
U-1151,bending,B-02,11.25,89.19,29.01,,6.43
U-1151,welding,W-02,0.56,,1472.86,3.04,8.8
U-1152,laser_cutting,L-02,21.66,,297.33,13.71,17.02
U-1152,bending,B-01,10.04,81.28,25.99,,6.86
U-1152,welding,W-01,0.55,,1465.08,2.93,8.81
U-1153,laser_cutting,L-02,20.7,,323.98,14.91,16.86
U-1153,bending,B-02,11.76,80.87,27.98,,7.9
U-1153,welding,W-02,0.59,,1442.52,3.45,9.88
U-1154,laser_cutting,L-03,24.05,,320.44,14.64,17.76
U-1154,bending,B-01,10.57,74.35,29.13,,6.35
U-1154,welding,W-02,0.51,,1581.21,3.0,10.03
U-1155,laser_cutting,L-01,20.26,,302.25,13.77,18.38
U-1155,bending,B-02,9.94,84.65,28.79,,6.59
U-1155,welding,W-02,0.6,,1442.23,3.15,8.57
U-1156,laser_cutting,L-02,20.22,,304.49,14.55,17.84
U-1156,bending,B-01,9.26,78.21,26.33,,6.46
U-1156,welding,W-01,0.57,,1394.01,2.75,8.53
U-1157,laser_cutting,L-03,20.03,,324.49,13.84,17.7
U-1157,bending,B-01,9.43,73.45,26.69,,7.89
U-1157,welding,W-02,0.57,,1412.12,2.9,9.48
U-1158,laser_cutting,L-01,19.38,,298.16,12.51,15.82
U-1158,bending,B-01,10.35,83.06,27.04,,6.57
U-1158,welding,W-02,0.52,,1416.83,3.52,8.92
U-1159,laser_cutting,L-01,19.87,,309.16,12.77,17.12
U-1159,bending,B-01,9.86,74.55,26.1,,6.47
U-1159,welding,W-01,0.57,,1521.77,2.85,10.05
U-1160,laser_cutting,L-03,22.76,,339.23,13.51,19.24
U-1160,bending,B-02,10.73,76.15,26.67,,7.11
U-1160,welding,W-02,0.57,,1526.32,3.04,10.09
U-1161,laser_cutting,L-03,21.3,,323.91,15.2,17.69
U-1161,bending,B-01,10.61,83.34,27.34,,7.66
U-1161,welding,W-01,0.64,,1452.5,3.18,9.43
U-1162,laser_cutting,L-03,20.11,,307.74,14.28,17.73
U-1162,bending,B-02,10.55,82.42,29.14,,7.88
U-1162,welding,W-02,0.57,,1582.63,3.07,8.55
U-1163,laser_cutting,L-03,19.99,,332.48,15.13,19.97
U-1163,bending,B-02,10.91,81.98,27.76,,7.86
U-1163,welding,W-01,0.61,,1405.44,2.76,9.93
U-1164,laser_cutting,L-01,18.34,,306.41,12.69,17.88
U-1164,bending,B-01,9.19,72.96,29.12,,7.08
U-1164,welding,W-02,0.56,,1557.04,3.09,9.28
U-1165,laser_cutting,L-01,20.53,,290.0,13.2,18.25
U-1165,bending,B-01,9.85,85.72,25.97,,7.67
U-1165,welding,W-01,0.64,,1414.49,2.78,10.27
U-1166,laser_cutting,L-03,22.67,,338.63,15.33,18.33
U-1166,bending,B-01,9.8,79.54,27.94,,6.57
U-1166,welding,W-02,0.51,,1572.6,2.93,10.71
U-1167,laser_cutting,L-01,21.7,,323.03,13.87,16.59
U-1167,bending,B-02,11.95,84.89,27.72,,6.95
U-1167,welding,W-02,0.58,,1490.75,2.93,8.94
U-1168,laser_cutting,L-01,18.46,,321.7,13.97,17.22
U-1168,bending,B-02,10.9,80.61,29.26,,6.54
U-1168,welding,W-01,0.57,,1476.51,2.77,10.05
U-1169,laser_cutting,L-01,20.79,,293.38,11.81,16.85
U-1169,bending,B-02,10.55,82.49,29.07,,7.34
U-1169,welding,W-01,0.55,,1554.61,3.15,9.42
U-1170,laser_cutting,L-02,22.22,,331.41,13.61,17.58
U-1170,bending,B-02,10.29,85.64,26.75,,7.01
U-1170,welding,W-02,0.57,,1493.54,3.4,10.81
U-1171,laser_cutting,L-03,20.04,,328.94,15.13,17.92
U-1171,bending,B-02,10.01,87.26,29.61,,7.33
U-1171,welding,W-02,0.58,,1516.02,3.15,10.83
U-1172,laser_cutting,L-03,22.32,,311.69,12.77,18.92
U-1172,bending,B-01,9.16,77.09,26.22,,6.62
U-1172,welding,W-02,0.6,,1570.67,3.05,9.01
U-1173,laser_cutting,L-03,20.69,,314.74,12.92,20.33
U-1173,bending,B-02,11.89,82.41,28.24,,6.88
U-1173,welding,W-01,0.66,,1527.64,3.15,9.63
U-1174,laser_cutting,L-03,23.01,,305.95,15.2,16.61
U-1174,bending,B-02,10.8,81.83,28.11,,6.34
U-1174,welding,W-02,0.5,,1586.83,3.23,10.84
U-1175,laser_cutting,L-02,19.77,,318.18,12.91,17.69
U-1175,bending,B-01,10.56,85.68,26.49,,7.83
U-1175,welding,W-01,0.66,,1411.6,3.18,8.85
U-1176,laser_cutting,L-03,22.1,,306.83,13.11,20.51
U-1176,bending,B-02,11.26,83.12,26.82,,7.41
U-1176,welding,W-02,0.58,,1510.89,3.16,8.85
U-1177,laser_cutting,L-03,21.37,,328.7,14.21,16.93
U-1177,bending,B-01,10.14,73.48,28.26,,6.34
U-1177,welding,W-01,0.62,,1484.45,3.18,9.75
U-1178,laser_cutting,L-01,18.24,,312.07,12.18,16.66
U-1178,bending,B-02,10.18,83.21,26.82,,6.35
U-1178,welding,W-02,0.52,,1524.37,3.06,9.72
U-1179,laser_cutting,L-03,23.1,,341.98,14.2,17.01
U-1179,bending,B-02,10.75,80.95,28.76,,7.33
U-1179,welding,W-02,0.56,,1404.05,3.11,9.99
U-1180,laser_cutting,L-01,21.73,,285.79,12.1,19.07
U-1180,bending,B-01,10.86,85.75,28.18,,6.8
U-1180,welding,W-01,0.57,,1419.09,2.78,10.03
U-1181,laser_cutting,L-03,21.61,,312.72,15.33,19.11
U-1181,bending,B-01,10.77,72.56,26.18,,6.87
U-1181,welding,W-01,0.58,,1458.08,3.09,9.78
U-1182,laser_cutting,L-03,21.43,,335.25,15.11,20.01
U-1182,bending,B-02,11.69,75.15,28.78,,7.15
U-1182,welding,W-01,0.63,,1429.09,3.25,8.32
U-1183,laser_cutting,L-02,21.04,,299.33,13.47,19.81
U-1183,bending,B-01,9.17,80.85,26.48,,7.95
U-1183,welding,W-01,0.66,,1490.19,2.75,9.56
U-1184,laser_cutting,L-03,20.04,,333.85,13.93,20.02
U-1184,bending,B-01,9.8,79.21,26.73,,7.14
U-1184,welding,W-02,0.6,,1478.38,3.18,10.23
U-1185,laser_cutting,L-02,19.2,,308.6,15.01,17.25
U-1185,bending,B-02,11.61,80.25,27.11,,6.32
U-1185,welding,W-01,0.59,,1543.36,3.0,9.24
U-1186,laser_cutting,L-03,20.12,,331.59,14.27,18.07
U-1186,bending,B-01,10.35,72.34,26.62,,6.38
U-1186,welding,W-01,0.63,,1436.23,3.21,8.68
U-1187,laser_cutting,L-01,21.38,,313.95,12.14,15.81
U-1187,bending,B-02,10.41,85.37,27.72,,6.72
U-1187,welding,W-02,0.58,,1577.25,2.95,9.1
U-1188,laser_cutting,L-01,19.81,,313.82,13.48,18.76
U-1188,bending,B-01,9.92,85.63,27.35,,8.03
U-1188,welding,W-02,0.55,,1591.49,3.43,8.78
U-1189,laser_cutting,L-03,23.78,,306.86,15.38,20.48
U-1189,bending,B-02,10.84,74.81,27.42,,6.94
U-1189,welding,W-01,0.64,,1441.46,3.13,10.34
U-1190,laser_cutting,L-03,23.25,,309.1,14.38,16.76
U-1190,bending,B-01,9.95,81.71,26.14,,7.07
U-1190,welding,W-02,0.51,,1561.63,3.2,8.58
U-1191,laser_cutting,L-01,20.18,,291.24,13.5,16.01
U-1191,bending,B-01,10.48,80.27,26.2,,7.26
U-1191,welding,W-01,0.57,,1426.68,3.28,9.75
U-1192,laser_cutting,L-03,20.42,,335.76,12.9,20.62
U-1192,bending,B-01,10.27,77.22,27.51,,7.61
U-1192,welding,W-02,0.5,,1465.45,3.08,10.06
U-1193,laser_cutting,L-01,18.79,,294.26,12.48,18.03
U-1193,bending,B-02,10.7,87.31,27.34,,7.12
U-1193,welding,W-02,0.53,,1532.38,2.9,10.19
U-1194,laser_cutting,L-01,18.96,,300.09,11.91,15.93
U-1194,bending,B-01,9.97,72.12,26.73,,7.92
U-1194,welding,W-02,0.58,,1506.08,3.45,9.87
U-1195,laser_cutting,L-01,19.49,,314.63,12.58,19.35
U-1195,bending,B-02,11.84,74.61,27.54,,7.11
U-1195,welding,W-02,0.53,,1585.63,3.16,9.71
U-1196,laser_cutting,L-03,23.15,,337.77,13.56,18.15
U-1196,bending,B-02,11.27,85.96,29.53,,7.78
U-1196,welding,W-01,0.55,,1450.54,3.05,9.14
U-1197,laser_cutting,L-03,22.42,,324.16,12.68,17.91
U-1197,bending,B-02,10.77,83.86,29.53,,6.82
U-1197,welding,W-02,0.51,,1440.75,2.88,8.64
U-1198,laser_cutting,L-03,23.49,,326.91,13.03,19.48
U-1198,bending,B-02,11.16,79.4,28.96,,6.42
U-1198,welding,W-02,0.59,,1519.01,3.09,9.01
U-1199,laser_cutting,L-01,19.42,,311.53,12.41,18.82
U-1199,bending,B-01,9.24,72.39,26.66,,7.21
U-1199,welding,W-02,0.58,,1459.98,3.05,10.2
U-1200,laser_cutting,L-03,23.42,,308.22,14.82,19.85
U-1200,bending,B-01,10.42,84.21,27.7,,6.52
U-1200,welding,W-02,0.52,,1529.09,3.28,9.98
U-1201,laser_cutting,L-01,18.74,,288.31,12.83,18.1
U-1201,bending,B-02,11.13,79.49,30.0,,7.91
U-1201,welding,W-02,0.55,,1465.74,3.47,8.58
U-1202,laser_cutting,L-02,20.26,,321.61,13.54,17.01
U-1202,bending,B-01,10.5,77.33,28.62,,6.5
U-1202,welding,W-02,0.54,,1589.39,3.18,10.43
U-1203,laser_cutting,L-03,23.51,,314.92,13.78,16.38
U-1203,bending,B-01,10.14,75.39,26.76,,6.49
U-1203,welding,W-01,0.61,,1474.88,2.87,9.26
U-1204,laser_cutting,L-02,20.92,,325.04,13.39,17.63
U-1204,bending,B-02,10.6,77.41,28.48,,6.48
U-1204,welding,W-01,0.64,,1508.49,2.71,8.99
U-1205,laser_cutting,L-02,19.57,,316.15,13.14,19.44
U-1205,bending,B-01,9.4,84.38,28.32,,7.48
U-1205,welding,W-02,0.52,,1519.49,2.91,9.32
U-1206,laser_cutting,L-01,18.81,,314.99,12.81,17.7
U-1206,bending,B-02,10.79,84.21,28.86,,6.51
U-1206,welding,W-02,0.54,,1494.85,3.4,8.79
U-1207,laser_cutting,L-01,21.72,,292.99,13.77,18.44
U-1207,bending,B-01,9.57,74.95,29.1,,7.42
U-1207,welding,W-01,0.63,,1479.78,3.09,8.72
U-1208,laser_cutting,L-01,19.17,,321.05,12.3,16.53
U-1208,bending,B-02,11.17,84.85,26.66,,6.89
U-1208,welding,W-02,0.53,,1513.48,3.04,10.77
U-1209,laser_cutting,L-03,23.8,,333.84,14.23,19.79
U-1209,bending,B-02,11.43,75.16,29.74,,7.14
U-1209,welding,W-02,0.51,,1413.18,3.41,9.29
U-1210,laser_cutting,L-02,21.63,,319.29,13.09,18.51
U-1210,bending,B-01,9.91,75.34,25.83,,7.09
U-1210,welding,W-02,0.51,,1539.4,3.06,8.99
U-1211,laser_cutting,L-02,21.26,,299.01,14.31,18.76
U-1211,bending,B-02,10.76,88.35,29.85,,6.89
U-1211,welding,W-02,0.54,,1454.69,3.49,8.89
U-1212,laser_cutting,L-02,22.36,,323.07,14.25,19.89
U-1212,bending,B-01,9.52,75.14,25.96,,6.83
U-1212,welding,W-02,0.53,,1510.71,3.46,8.56
U-1213,laser_cutting,L-03,22.83,,335.15,13.2,20.1
U-1213,bending,B-01,10.77,71.71,25.85,,6.53
U-1213,welding,W-02,0.5,,1529.34,2.97,10.57
U-1214,laser_cutting,L-01,18.12,,294.35,11.78,16.73
U-1214,bending,B-01,10.5,73.88,26.15,,6.62
U-1214,welding,W-02,0.59,,1416.51,3.33,10.1
U-1215,laser_cutting,L-03,21.51,,309.47,13.33,18.82
U-1215,bending,B-02,11.22,82.83,28.47,,7.51
U-1215,welding,W-01,0.57,,1516.33,2.73,8.21
U-1216,laser_cutting,L-03,21.96,,317.34,13.14,17.59
U-1216,bending,B-01,9.48,80.83,28.16,,7.36
U-1216,welding,W-01,0.55,,1489.87,3.14,8.57
U-1217,laser_cutting,L-02,19.4,,297.28,13.95,17.19
U-1217,bending,B-02,10.54,77.72,27.38,,7.02
U-1217,welding,W-01,0.66,,1557.45,3.18,8.64
U-1218,laser_cutting,L-02,20.02,,311.92,12.86,19.56
U-1218,bending,B-01,10.56,73.72,26.27,,7.82
U-1218,welding,W-01,0.58,,1461.63,3.14,9.66
U-1219,laser_cutting,L-01,20.27,,295.71,12.93,16.72
U-1219,bending,B-01,10.26,78.29,25.83,,6.71
U-1219,welding,W-01,0.55,,1461.6,3.03,8.77
U-1220,laser_cutting,L-03,23.36,,335.94,12.92,19.1
U-1220,bending,B-01,10.06,70.74,27.89,,6.44
U-1220,welding,W-01,0.56,,1507.87,3.18,8.47
U-1221,laser_cutting,L-01,21.47,,317.3,13.33,15.62
U-1221,bending,B-01,9.89,84.23,26.12,,6.98
U-1221,welding,W-01,0.56,,1459.83,2.98,9.88
U-1222,laser_cutting,L-01,18.3,,293.7,12.76,16.78
U-1222,bending,B-01,10.82,77.05,25.79,,6.93
U-1222,welding,W-02,0.59,,1490.15,3.38,10.8
U-1223,laser_cutting,L-03,21.38,,323.88,13.59,19.27
U-1223,bending,B-02,10.65,84.74,26.97,,6.32
U-1223,welding,W-02,0.5,,1529.87,3.41,9.13
U-1224,laser_cutting,L-01,19.78,,311.19,12.57,16.38
U-1224,bending,B-02,11.23,84.16,28.52,,7.32
U-1224,welding,W-02,0.59,,1437.58,3.14,10.8
U-1225,laser_cutting,L-02,21.17,,305.95,15.39,20.55
U-1225,bending,B-01,10.37,84.13,28.07,,6.8
U-1225,welding,W-01,0.62,,1412.2,2.76,9.93
U-1226,laser_cutting,L-01,20.81,,317.54,11.85,18.48
U-1226,bending,B-01,10.92,70.72,27.69,,6.59
U-1226,welding,W-01,0.61,,1386.56,2.99,8.13
U-1227,laser_cutting,L-03,22.41,,335.4,13.47,18.22
U-1227,bending,B-01,9.58,74.8,26.89,,7.29
U-1227,welding,W-01,0.55,,1501.26,3.24,8.48
U-1228,laser_cutting,L-02,19.7,,315.49,13.91,16.52
U-1228,bending,B-01,10.59,72.41,26.11,,7.43
U-1228,welding,W-01,0.56,,1551.62,3.19,8.9
U-1229,laser_cutting,L-03,19.97,,322.95,15.09,18.76
U-1229,bending,B-01,9.37,70.31,27.29,,7.5
U-1229,welding,W-02,0.52,,1565.6,3.4,9.61
U-1230,laser_cutting,L-03,23.15,,342.94,15.23,16.99
U-1230,bending,B-02,10.49,88.76,28.9,,7.56
U-1230,welding,W-02,0.57,,1458.69,3.17,8.78
U-1231,laser_cutting,L-01,18.31,,301.13,13.47,16.31
U-1231,bending,B-02,11.29,90.01,27.85,,6.41
U-1231,welding,W-02,0.54,,1418.2,3.1,10.88
U-1232,laser_cutting,L-03,20.41,,306.26,12.65,16.85
U-1232,bending,B-02,11.75,81.11,29.18,,7.58
U-1232,welding,W-02,0.5,,1470.58,3.22,10.92
U-1233,laser_cutting,L-02,22.32,,323.31,13.3,20.3
U-1233,bending,B-01,9.06,80.24,26.62,,7.09
U-1233,welding,W-02,0.6,,1564.54,3.43,9.52
U-1234,laser_cutting,L-02,19.74,,324.75,14.69,16.85
U-1234,bending,B-01,9.42,73.89,27.85,,7.75
U-1234,welding,W-01,0.64,,1503.66,2.97,9.2
U-1235,laser_cutting,L-02,21.28,,331.45,14.84,18.23
U-1235,bending,B-02,11.26,75.14,27.39,,6.74
U-1235,welding,W-01,0.61,,1401.89,2.93,8.32
U-1236,laser_cutting,L-01,18.2,,303.26,13.92,19.27
U-1236,bending,B-01,9.22,85.27,26.26,,7.43
U-1236,welding,W-02,0.6,,1402.18,3.14,8.79
U-1237,laser_cutting,L-02,21.78,,303.05,13.27,17.47
U-1237,bending,B-01,10.93,75.53,26.84,,6.31
U-1237,welding,W-01,0.63,,1493.67,2.73,9.5
U-1238,laser_cutting,L-01,18.54,,289.51,13.89,15.89
U-1238,bending,B-01,10.87,83.08,28.43,,6.65
U-1238,welding,W-01,0.65,,1411.98,3.04,8.95
U-1239,laser_cutting,L-02,18.96,,296.5,14.28,17.74
U-1239,bending,B-01,10.43,82.96,27.99,,6.52
U-1239,welding,W-01,0.6,,1539.6,2.83,9.47
U-1240,laser_cutting,L-03,22.56,,314.53,14.85,19.88
U-1240,bending,B-02,10.19,82.77,28.59,,6.46
U-1240,welding,W-01,0.65,,1521.62,2.75,9.11
U-1241,laser_cutting,L-01,19.28,,314.76,13.79,16.94
U-1241,bending,B-02,10.54,81.2,27.03,,7.09
U-1241,welding,W-01,0.6,,1445.64,2.92,9.29
U-1242,laser_cutting,L-01,19.35,,287.16,13.14,17.8
U-1242,bending,B-01,10.21,78.43,27.61,,8.01
U-1242,welding,W-01,0.6,,1435.39,2.72,8.83
U-1243,laser_cutting,L-02,19.98,,304.31,13.88,19.62
U-1243,bending,B-01,9.48,77.83,26.65,,7.56
U-1243,welding,W-02,0.52,,1558.66,3.15,9.0
U-1244,laser_cutting,L-02,19.24,,302.4,15.24,20.59
U-1244,bending,B-02,11.45,84.61,30.2,,6.76
U-1244,welding,W-02,0.51,,1402.0,3.52,10.46
U-1245,laser_cutting,L-03,23.13,,326.45,12.82,16.28
U-1245,bending,B-02,10.15,87.73,28.54,,7.12
U-1245,welding,W-02,0.56,,1582.68,3.25,9.83
U-1246,laser_cutting,L-02,21.76,,302.68,14.69,20.68
U-1246,bending,B-02,10.72,77.98,28.38,,7.01
U-1246,welding,W-01,0.56,,1387.46,3.08,8.22
U-1247,laser_cutting,L-01,20.89,,304.8,13.0,15.77
U-1247,bending,B-02,10.1,78.01,26.94,,6.48
U-1247,welding,W-01,0.65,,1468.68,2.89,9.88
U-1248,laser_cutting,L-02,19.92,,332.05,12.89,17.41
U-1248,bending,B-01,9.72,76.54,28.49,,6.96
U-1248,welding,W-02,0.5,,1469.31,3.2,9.72
U-1249,laser_cutting,L-03,21.52,,331.7,13.2,17.19
U-1249,bending,B-02,10.81,76.57,27.28,,6.32
U-1249,welding,W-01,0.59,,1481.15,3.07,9.59
U-1250,laser_cutting,L-03,20.64,,323.22,15.13,16.43
U-1250,bending,B-01,10.1,79.42,27.94,,6.75
U-1250,welding,W-01,0.6,,1529.03,3.01,8.24
U-1251,laser_cutting,L-02,19.26,,306.71,14.68,20.54
U-1251,bending,B-02,11.84,79.54,26.9,,7.57
U-1251,welding,W-01,0.56,,1484.12,3.0,8.13
U-1252,laser_cutting,L-03,22.11,,331.9,13.35,17.45
U-1252,bending,B-02,9.96,83.94,28.45,,7.26
U-1252,welding,W-01,0.62,,1436.96,3.11,10.06
U-1253,laser_cutting,L-01,19.84,,296.16,12.34,18.04
U-1253,bending,B-01,10.65,83.74,27.1,,7.52
U-1253,welding,W-02,0.6,,1460.92,3.01,10.57
U-1254,laser_cutting,L-01,21.2,,309.65,13.01,15.56
U-1254,bending,B-02,11.48,83.34,30.05,,6.39
U-1254,welding,W-01,0.57,,1464.14,3.08,9.35
U-1255,laser_cutting,L-02,21.95,,320.04,12.99,18.19
U-1255,bending,B-01,10.37,83.97,26.36,,7.83
U-1255,welding,W-01,0.55,,1443.9,3.21,8.99
U-1256,laser_cutting,L-02,22.1,,314.86,15.37,18.29
U-1256,bending,B-02,10.49,83.49,29.23,,7.95
U-1256,welding,W-01,0.61,,1503.01,2.93,10.25
U-1257,laser_cutting,L-03,20.67,,309.99,15.4,19.0
U-1257,bending,B-01,10.68,85.75,27.16,,6.86
U-1257,welding,W-02,0.52,,1532.81,3.49,9.19
U-1258,laser_cutting,L-01,20.91,,293.57,12.87,18.68
U-1258,bending,B-01,10.08,81.89,28.2,,7.4
U-1258,welding,W-01,0.56,,1470.12,3.27,8.96
U-1259,laser_cutting,L-02,20.53,,312.38,15.1,18.05
U-1259,bending,B-01,10.93,79.68,29.1,,7.77
U-1259,welding,W-02,0.59,,1532.25,2.91,10.41
U-1260,laser_cutting,L-03,24.12,,310.48,13.23,17.15
U-1260,bending,B-01,10.47,71.45,26.91,,7.8
U-1260,welding,W-02,0.5,,1415.71,3.04,10.14
U-1261,laser_cutting,L-02,21.25,,308.06,14.05,20.61
U-1261,bending,B-01,9.48,81.8,28.28,,6.86
U-1261,welding,W-02,0.53,,1507.47,2.88,9.22
U-1262,laser_cutting,L-01,18.74,,307.5,12.1,16.81
U-1262,bending,B-01,10.12,70.29,25.93,,7.84
U-1262,welding,W-02,0.54,,1578.73,3.2,10.12
U-1263,laser_cutting,L-01,18.76,,315.83,12.88,16.58
U-1263,bending,B-01,9.78,84.38,25.75,,7.65
U-1263,welding,W-01,0.57,,1475.55,2.98,8.68
U-1264,laser_cutting,L-03,20.18,,329.19,12.76,19.23
U-1264,bending,B-01,10.45,71.97,27.08,,7.15
U-1264,welding,W-01,0.64,,1508.11,3.03,9.67
U-1265,laser_cutting,L-02,19.19,,312.89,14.31,17.35
U-1265,bending,B-02,10.4,83.67,29.14,,6.46
U-1265,welding,W-02,0.54,,1439.22,3.16,9.52
U-1266,laser_cutting,L-02,20.25,,299.94,13.43,18.78
U-1266,bending,B-01,10.51,75.38,28.26,,6.57
U-1266,welding,W-02,0.5,,1560.52,3.25,9.99
U-1267,laser_cutting,L-02,22.06,,295.21,14.05,18.58
U-1267,bending,B-01,10.36,73.44,28.45,,7.71
U-1267,welding,W-02,0.53,,1518.23,3.12,9.27
U-1268,laser_cutting,L-03,21.82,,338.03,15.2,18.65
U-1268,bending,B-01,10.42,83.05,28.66,,7.03
U-1268,welding,W-02,0.53,,1549.33,2.93,10.52
U-1269,laser_cutting,L-01,21.23,,302.93,12.28,19.27
U-1269,bending,B-02,11.14,89.28,26.61,,6.72
U-1269,welding,W-01,0.65,,1459.29,3.15,10.35
U-1270,laser_cutting,L-02,20.18,,297.98,12.6,18.22
U-1270,bending,B-02,10.25,76.49,27.64,,7.69
U-1270,welding,W-02,0.56,,1451.93,3.06,9.76
U-1271,laser_cutting,L-01,18.22,,298.85,12.95,17.44
U-1271,bending,B-02,11.61,89.24,29.74,,7.29
U-1271,welding,W-01,0.6,,1431.33,3.28,8.8
U-1272,laser_cutting,L-02,20.85,,311.96,14.84,19.53
U-1272,bending,B-01,9.11,80.6,28.48,,7.19
U-1272,welding,W-02,0.6,,1515.84,3.4,10.45
U-1273,laser_cutting,L-02,20.12,,328.87,13.69,17.65
U-1273,bending,B-02,10.76,75.54,29.04,,6.81
U-1273,welding,W-02,0.55,,1464.72,3.42,9.29
U-1274,laser_cutting,L-02,21.8,,318.78,12.9,18.49
U-1274,bending,B-02,11.69,77.64,27.33,,7.55
U-1274,welding,W-02,0.51,,1451.87,3.15,10.29
U-1275,laser_cutting,L-02,20.94,,322.88,12.68,16.24
U-1275,bending,B-01,10.71,70.28,28.94,,6.49
U-1275,welding,W-01,0.59,,1470.19,3.24,9.92
U-1276,laser_cutting,L-02,21.76,,329.11,14.36,19.63
U-1276,bending,B-01,9.97,76.69,29.08,,6.65
U-1276,welding,W-01,0.62,,1477.63,2.76,9.93
U-1277,laser_cutting,L-03,22.66,,333.04,14.39,17.64
U-1277,bending,B-02,10.02,81.11,26.78,,7.3
U-1277,welding,W-01,0.62,,1386.35,3.04,9.82
U-1278,laser_cutting,L-03,22.62,,321.21,13.42,17.89
U-1278,bending,B-01,10.81,83.47,27.1,,6.5
U-1278,welding,W-02,0.54,,1506.06,3.16,10.33
U-1279,laser_cutting,L-02,21.93,,308.71,13.51,18.33
U-1279,bending,B-01,9.31,70.68,28.97,,6.72
U-1279,welding,W-02,0.6,,1467.52,3.28,8.64
U-1280,laser_cutting,L-03,21.5,,318.4,14.94,16.66
U-1280,bending,B-02,11.23,85.43,26.68,,6.36
U-1280,welding,W-02,0.56,,1557.87,3.49,10.43
U-1281,laser_cutting,L-03,20.94,,330.46,13.87,20.09
U-1281,bending,B-02,11.36,86.66,28.04,,7.43
U-1281,welding,W-02,0.55,,1569.65,3.22,10.76
U-1282,laser_cutting,L-02,22.27,,304.45,15.12,20.3
U-1282,bending,B-01,9.07,77.96,26.19,,6.62
U-1282,welding,W-02,0.6,,1443.71,3.4,8.69
U-1283,laser_cutting,L-02,21.38,,315.62,13.39,16.37
U-1283,bending,B-02,9.99,78.88,27.77,,7.77
U-1283,welding,W-02,0.6,,1518.87,3.05,8.71
U-1284,laser_cutting,L-02,22.97,,323.68,13.19,16.67
U-1284,bending,B-02,10.04,85.16,28.68,,7.89
U-1284,welding,W-02,0.56,,1417.06,3.37,8.72
U-1285,laser_cutting,L-02,21.72,,301.04,13.96,19.52
U-1285,bending,B-01,10.34,72.17,28.97,,6.53
U-1285,welding,W-01,0.57,,1461.01,3.07,9.83
U-1286,laser_cutting,L-03,23.41,,328.31,14.02,17.63
U-1286,bending,B-02,11.8,81.99,28.2,,7.37
U-1286,welding,W-02,0.52,,1447.61,3.19,10.66
U-1287,laser_cutting,L-02,19.78,,314.71,13.25,18.04
U-1287,bending,B-02,10.94,76.68,27.13,,6.75
U-1287,welding,W-01,0.56,,1521.92,3.26,10.23
U-1288,laser_cutting,L-02,19.25,,331.38,13.42,18.41
U-1288,bending,B-02,11.89,88.1,26.86,,7.79
U-1288,welding,W-02,0.51,,1403.42,3.23,10.86
U-1289,laser_cutting,L-01,18.44,,321.95,12.8,15.34
U-1289,bending,B-02,11.85,79.83,27.12,,7.52
U-1289,welding,W-02,0.55,,1455.81,2.91,10.14
U-1290,laser_cutting,L-01,21.33,,321.25,13.33,16.98
U-1290,bending,B-02,10.62,86.02,26.89,,6.38
U-1290,welding,W-02,0.51,,1424.89,2.97,8.62
U-1291,laser_cutting,L-01,20.42,,307.24,11.84,15.9
U-1291,bending,B-01,10.71,84.67,28.98,,7.27
U-1291,welding,W-01,0.62,,1488.28,3.24,9.57
