unit_id,process_step,machine_id,start_time,end_time,status,start_time_dt,end_time_dt,time_taken_min
U-1042,laser_cutting,L-03,2026-03-28 10:24:00,2026-03-28 10:28:45,completed,2026-03-28 10:24:00,2026-03-28 10:28:45,4.75
U-1042,bending,B-02,2026-03-28 10:48:45,2026-03-28 10:58:20,completed,2026-03-28 10:48:45,2026-03-28 10:58:20,9.583333333333334
U-1042,welding,W-01,2026-03-28 11:14:20,2026-03-28 11:24:12,completed,2026-03-28 11:14:20,2026-03-28 11:24:12,9.866666666666667
U-1043,laser_cutting,L-02,2026-03-28 09:55:00,2026-03-28 10:02:16,completed,2026-03-28 09:55:00,2026-03-28 10:02:16,7.266666666666667
U-1043,bending,B-01,2026-03-28 10:16:16,2026-03-28 10:23:42,completed,2026-03-28 10:16:16,2026-03-28 10:23:42,7.433333333333334
U-1043,welding,W-02,2026-03-28 10:54:42,2026-03-28 11:02:57,completed,2026-03-28 10:54:42,2026-03-28 11:02:57,8.25
U-1044,laser_cutting,L-03,2026-03-28 08:34:00,2026-03-28 08:42:46,completed,2026-03-28 08:34:00,2026-03-28 08:42:46,8.766666666666667
U-1044,bending,B-02,2026-03-28 09:00:46,2026-03-28 09:11:18,completed,2026-03-28 09:00:46,2026-03-28 09:11:18,10.533333333333333
U-1044,welding,W-02,2026-03-28 09:32:18,2026-03-28 09:43:17,completed,2026-03-28 09:32:18,2026-03-28 09:43:17,10.983333333333333
U-1045,laser_cutting,L-03,2026-03-28 08:39:00,2026-03-28 08:45:51,completed,2026-03-28 08:39:00,2026-03-28 08:45:51,6.85
U-1045,bending,B-01,2026-03-28 09:16:51,2026-03-28 09:24:31,completed,2026-03-28 09:16:51,2026-03-28 09:24:31,7.666666666666667
U-1045,welding,W-02,2026-03-28 09:34:31,2026-03-28 09:43:25,completed,2026-03-28 09:34:31,2026-03-28 09:43:25,8.9
U-1046,laser_cutting,L-03,2026-03-28 11:06:00,2026-03-28 11:13:43,completed,2026-03-28 11:06:00,2026-03-28 11:13:43,7.716666666666667
U-1046,bending,B-01,2026-03-28 11:48:43,2026-03-28 11:58:06,completed,2026-03-28 11:48:43,2026-03-28 11:58:06,9.383333333333333
U-1046,welding,W-01,2026-03-28 12:29:06,2026-03-28 12:40:51,completed,2026-03-28 12:29:06,2026-03-28 12:40:51,11.75
U-1047,laser_cutting,L-03,2026-03-28 08:31:00,2026-03-28 08:38:10,completed,2026-03-28 08:31:00,2026-03-28 08:38:10,7.166666666666667
U-1047,bending,B-01,2026-03-28 09:25:10,2026-03-28 09:31:28,completed,2026-03-28 09:25:10,2026-03-28 09:31:28,6.3
U-1047,welding,W-01,2026-03-28 10:13:28,2026-03-28 10:23:41,completed,2026-03-28 10:13:28,2026-03-28 10:23:41,10.216666666666667
U-1048,laser_cutting,L-01,2026-03-28 08:58:00,2026-03-28 09:03:11,completed,2026-03-28 08:58:00,2026-03-28 09:03:11,5.183333333333334
U-1048,bending,B-02,2026-03-28 09:18:11,2026-03-28 09:28:39,completed,2026-03-28 09:18:11,2026-03-28 09:28:39,10.466666666666667
U-1048,welding,W-02,2026-03-28 09:59:39,2026-03-28 10:11:34,completed,2026-03-28 09:59:39,2026-03-28 10:11:34,11.916666666666666
U-1049,laser_cutting,L-02,2026-03-28 11:21:00,2026-03-28 11:25:09,completed,2026-03-28 11:21:00,2026-03-28 11:25:09,4.15
U-1049,bending,B-01,2026-03-28 12:01:09,2026-03-28 12:10:03,completed,2026-03-28 12:01:09,2026-03-28 12:10:03,8.9
U-1049,welding,W-02,2026-03-28 12:23:03,2026-03-28 12:31:21,completed,2026-03-28 12:23:03,2026-03-28 12:31:21,8.3
U-1050,laser_cutting,L-02,2026-03-28 09:40:00,2026-03-28 09:44:58,completed,2026-03-28 09:40:00,2026-03-28 09:44:58,4.966666666666667
U-1050,bending,B-01,2026-03-28 10:09:58,2026-03-28 10:15:09,completed,2026-03-28 10:09:58,2026-03-28 10:15:09,5.183333333333334
U-1050,welding,W-02,2026-03-28 10:47:09,2026-03-28 10:54:32,completed,2026-03-28 10:47:09,2026-03-28 10:54:32,7.383333333333334
U-1051,laser_cutting,L-01,2026-03-28 09:22:00,2026-03-28 09:30:13,completed,2026-03-28 09:22:00,2026-03-28 09:30:13,8.216666666666667
U-1051,bending,B-01,2026-03-28 10:09:13,2026-03-28 10:16:46,completed,2026-03-28 10:09:13,2026-03-28 10:16:46,7.55
U-1051,welding,W-02,2026-03-28 10:38:46,2026-03-28 10:49:51,completed,2026-03-28 10:38:46,2026-03-28 10:49:51,11.083333333333334
U-1052,laser_cutting,L-03,2026-03-28 08:26:00,2026-03-28 08:37:01,completed,2026-03-28 08:26:00,2026-03-28 08:37:01,11.016666666666667
U-1052,bending,B-01,2026-03-28 09:10:01,2026-03-28 09:19:21,completed,2026-03-28 09:10:01,2026-03-28 09:19:21,9.333333333333334
U-1052,welding,W-01,2026-03-28 09:46:21,2026-03-28 09:58:33,completed,2026-03-28 09:46:21,2026-03-28 09:58:33,12.2
U-1053,laser_cutting,L-03,2026-03-28 09:34:00,2026-03-28 09:40:37,completed,2026-03-28 09:34:00,2026-03-28 09:40:37,6.616666666666666
U-1053,bending,B-02,2026-03-28 10:07:37,2026-03-28 10:14:25,completed,2026-03-28 10:07:37,2026-03-28 10:14:25,6.8
U-1053,welding,W-02,2026-03-28 10:30:25,2026-03-28 10:40:30,completed,2026-03-28 10:30:25,2026-03-28 10:40:30,10.083333333333334
U-1054,laser_cutting,L-02,2026-03-28 08:52:00,2026-03-28 09:00:14,completed,2026-03-28 08:52:00,2026-03-28 09:00:14,8.233333333333333
U-1054,bending,B-02,2026-03-28 09:39:14,2026-03-28 09:46:15,completed,2026-03-28 09:39:14,2026-03-28 09:46:15,7.016666666666667
U-1054,welding,W-01,2026-03-28 10:04:15,2026-03-28 10:15:01,completed,2026-03-28 10:04:15,2026-03-28 10:15:01,10.766666666666667
U-1055,laser_cutting,L-03,2026-03-28 10:14:00,2026-03-28 10:21:08,completed,2026-03-28 10:14:00,2026-03-28 10:21:08,7.133333333333334
U-1055,bending,B-02,2026-03-28 10:47:08,2026-03-28 10:53:48,completed,2026-03-28 10:47:08,2026-03-28 10:53:48,6.666666666666667
U-1055,welding,W-02,2026-03-28 11:16:48,2026-03-28 11:26:16,completed,2026-03-28 11:16:48,2026-03-28 11:26:16,9.466666666666667
U-1056,laser_cutting,L-01,2026-03-28 09:16:00,2026-03-28 09:24:20,completed,2026-03-28 09:16:00,2026-03-28 09:24:20,8.333333333333334
U-1056,bending,B-02,2026-03-28 09:46:20,2026-03-28 09:54:03,completed,2026-03-28 09:46:20,2026-03-28 09:54:03,7.716666666666667
U-1056,welding,W-02,2026-03-28 10:34:03,2026-03-28 10:43:39,completed,2026-03-28 10:34:03,2026-03-28 10:43:39,9.6
U-1057,laser_cutting,L-01,2026-03-28 09:55:00,2026-03-28 10:01:46,completed,2026-03-28 09:55:00,2026-03-28 10:01:46,6.766666666666667
U-1057,bending,B-02,2026-03-28 10:13:46,2026-03-28 10:24:24,completed,2026-03-28 10:13:46,2026-03-28 10:24:24,10.633333333333333
U-1057,welding,W-02,2026-03-28 10:53:24,2026-03-28 11:00:07,completed,2026-03-28 10:53:24,2026-03-28 11:00:07,6.716666666666667
U-1058,laser_cutting,L-02,2026-03-28 10:46:00,2026-03-28 10:52:49,completed,2026-03-28 10:46:00,2026-03-28 10:52:49,6.816666666666666
U-1058,bending,B-01,2026-03-28 11:15:49,2026-03-28 11:25:02,completed,2026-03-28 11:15:49,2026-03-28 11:25:02,9.216666666666667
U-1058,welding,W-01,2026-03-28 11:43:02,2026-03-28 11:51:05,completed,2026-03-28 11:43:02,2026-03-28 11:51:05,8.05
U-1059,laser_cutting,L-03,2026-03-28 09:08:00,2026-03-28 09:15:31,completed,2026-03-28 09:08:00,2026-03-28 09:15:31,7.516666666666667
U-1059,bending,B-02,2026-03-28 09:28:31,2026-03-28 09:34:12,completed,2026-03-28 09:28:31,2026-03-28 09:34:12,5.683333333333334
U-1059,welding,W-02,2026-03-28 10:15:12,2026-03-28 10:25:53,completed,2026-03-28 10:15:12,2026-03-28 10:25:53,10.683333333333334
U-1060,laser_cutting,L-03,2026-03-28 10:00:00,2026-03-28 10:09:34,completed,2026-03-28 10:00:00,2026-03-28 10:09:34,9.566666666666666
U-1060,bending,B-02,2026-03-28 10:51:34,2026-03-28 10:59:43,completed,2026-03-28 10:51:34,2026-03-28 10:59:43,8.15
U-1060,welding,W-01,2026-03-28 11:29:43,2026-03-28 11:40:57,completed,2026-03-28 11:29:43,2026-03-28 11:40:57,11.233333333333333
U-1061,laser_cutting,L-02,2026-03-28 10:46:00,2026-03-28 10:53:06,completed,2026-03-28 10:46:00,2026-03-28 10:53:06,7.1
U-1061,bending,B-02,2026-03-28 11:21:06,2026-03-28 11:27:31,completed,2026-03-28 11:21:06,2026-03-28 11:27:31,6.416666666666667
U-1061,welding,W-02,2026-03-28 11:57:31,2026-03-28 12:08:22,completed,2026-03-28 11:57:31,2026-03-28 12:08:22,10.85
U-1062,laser_cutting,L-01,2026-03-28 08:41:00,2026-03-28 08:48:08,completed,2026-03-28 08:41:00,2026-03-28 08:48:08,7.133333333333334
U-1062,bending,B-01,2026-03-28 09:04:08,2026-03-28 09:12:12,completed,2026-03-28 09:04:08,2026-03-28 09:12:12,8.066666666666666
U-1062,welding,W-02,2026-03-28 09:56:12,2026-03-28 10:05:42,completed,2026-03-28 09:56:12,2026-03-28 10:05:42,9.5
U-1063,laser_cutting,L-03,2026-03-28 11:08:00,2026-03-28 11:14:27,completed,2026-03-28 11:08:00,2026-03-28 11:14:27,6.45
U-1063,bending,B-01,2026-03-28 11:29:27,2026-03-28 11:36:31,completed,2026-03-28 11:29:27,2026-03-28 11:36:31,7.066666666666666
U-1063,welding,W-01,2026-03-28 12:21:31,2026-03-28 12:28:53,completed,2026-03-28 12:21:31,2026-03-28 12:28:53,7.366666666666666
U-1064,laser_cutting,L-03,2026-03-28 08:49:00,2026-03-28 08:54:20,completed,2026-03-28 08:49:00,2026-03-28 08:54:20,5.333333333333333
U-1064,bending,B-01,2026-03-28 09:22:20,2026-03-28 09:29:16,completed,2026-03-28 09:22:20,2026-03-28 09:29:16,6.933333333333334
U-1064,welding,W-01,2026-03-28 09:58:16,2026-03-28 10:05:34,completed,2026-03-28 09:58:16,2026-03-28 10:05:34,7.3
U-1065,laser_cutting,L-02,2026-03-28 10:01:00,2026-03-28 10:07:21,completed,2026-03-28 10:01:00,2026-03-28 10:07:21,6.35
U-1065,bending,B-01,2026-03-28 10:40:21,2026-03-28 10:46:42,completed,2026-03-28 10:40:21,2026-03-28 10:46:42,6.35
U-1065,welding,W-02,2026-03-28 11:28:42,2026-03-28 11:39:13,completed,2026-03-28 11:28:42,2026-03-28 11:39:13,10.516666666666667
U-1066,laser_cutting,L-01,2026-03-28 09:20:00,2026-03-28 09:26:07,completed,2026-03-28 09:20:00,2026-03-28 09:26:07,6.116666666666666
U-1066,bending,B-01,2026-03-28 09:56:07,2026-03-28 10:03:06,completed,2026-03-28 09:56:07,2026-03-28 10:03:06,6.983333333333333
U-1066,welding,W-01,2026-03-28 10:42:06,2026-03-28 10:50:40,completed,2026-03-28 10:42:06,2026-03-28 10:50:40,8.566666666666666
U-1067,laser_cutting,L-01,2026-03-28 10:24:00,2026-03-28 10:30:04,completed,2026-03-28 10:24:00,2026-03-28 10:30:04,6.066666666666666
U-1067,bending,B-01,2026-03-28 11:13:04,2026-03-28 11:19:47,completed,2026-03-28 11:13:04,2026-03-28 11:19:47,6.716666666666667
U-1067,welding,W-02,2026-03-28 11:43:47,2026-03-28 11:52:42,completed,2026-03-28 11:43:47,2026-03-28 11:52:42,8.916666666666666
U-1068,laser_cutting,L-02,2026-03-28 09:30:00,2026-03-28 09:37:04,completed,2026-03-28 09:30:00,2026-03-28 09:37:04,7.066666666666666
U-1068,bending,B-01,2026-03-28 10:22:04,2026-03-28 10:30:32,completed,2026-03-28 10:22:04,2026-03-28 10:30:32,8.466666666666667
U-1068,welding,W-01,2026-03-28 11:13:32,2026-03-28 11:23:33,completed,2026-03-28 11:13:32,2026-03-28 11:23:33,10.016666666666667
U-1069,laser_cutting,L-01,2026-03-28 08:30:00,2026-03-28 08:34:50,completed,2026-03-28 08:30:00,2026-03-28 08:34:50,4.833333333333333
U-1069,bending,B-01,2026-03-28 08:57:50,2026-03-28 09:06:43,completed,2026-03-28 08:57:50,2026-03-28 09:06:43,8.883333333333333
U-1069,welding,W-02,2026-03-28 09:53:43,2026-03-28 10:01:56,completed,2026-03-28 09:53:43,2026-03-28 10:01:56,8.216666666666667
U-1070,laser_cutting,L-01,2026-03-28 08:17:00,2026-03-28 08:24:10,completed,2026-03-28 08:17:00,2026-03-28 08:24:10,7.166666666666667
U-1070,bending,B-01,2026-03-28 08:54:10,2026-03-28 09:02:48,completed,2026-03-28 08:54:10,2026-03-28 09:02:48,8.633333333333333
U-1070,welding,W-02,2026-03-28 09:44:48,2026-03-28 09:52:55,completed,2026-03-28 09:44:48,2026-03-28 09:52:55,8.116666666666667
U-1071,laser_cutting,L-02,2026-03-28 08:48:00,2026-03-28 08:54:24,completed,2026-03-28 08:48:00,2026-03-28 08:54:24,6.4
U-1071,bending,B-02,2026-03-28 09:21:24,2026-03-28 09:31:12,completed,2026-03-28 09:21:24,2026-03-28 09:31:12,9.8
U-1071,welding,W-01,2026-03-28 10:10:12,2026-03-28 10:19:30,completed,2026-03-28 10:10:12,2026-03-28 10:19:30,9.3
U-1072,laser_cutting,L-03,2026-03-28 11:16:00,2026-03-28 11:23:24,completed,2026-03-28 11:16:00,2026-03-28 11:23:24,7.4
U-1072,bending,B-02,2026-03-28 12:04:24,2026-03-28 12:12:53,completed,2026-03-28 12:04:24,2026-03-28 12:12:53,8.483333333333333
U-1072,welding,W-02,2026-03-28 12:42:53,2026-03-28 12:53:50,completed,2026-03-28 12:42:53,2026-03-28 12:53:50,10.95
U-1073,laser_cutting,L-01,2026-03-28 10:50:00,2026-03-28 10:58:46,completed,2026-03-28 10:50:00,2026-03-28 10:58:46,8.766666666666667
U-1073,bending,B-01,2026-03-28 11:29:46,2026-03-28 11:37:24,completed,2026-03-28 11:29:46,2026-03-28 11:37:24,7.633333333333334
U-1073,welding,W-02,2026-03-28 12:11:24,2026-03-28 12:19:31,completed,2026-03-28 12:11:24,2026-03-28 12:19:31,8.116666666666667
U-1074,laser_cutting,L-02,2026-03-28 08:46:00,2026-03-28 08:53:24,completed,2026-03-28 08:46:00,2026-03-28 08:53:24,7.4
U-1074,bending,B-02,2026-03-28 09:09:24,2026-03-28 09:17:43,completed,2026-03-28 09:09:24,2026-03-28 09:17:43,8.316666666666666
U-1074,welding,W-01,2026-03-28 10:00:43,2026-03-28 10:11:25,completed,2026-03-28 10:00:43,2026-03-28 10:11:25,10.7
U-1075,laser_cutting,L-03,2026-03-28 09:09:00,2026-03-28 09:16:07,completed,2026-03-28 09:09:00,2026-03-28 09:16:07,7.116666666666666
U-1075,bending,B-02,2026-03-28 10:03:07,2026-03-28 10:09:59,completed,2026-03-28 10:03:07,2026-03-28 10:09:59,6.866666666666666
U-1075,welding,W-01,2026-03-28 10:47:59,2026-03-28 10:57:19,completed,2026-03-28 10:47:59,2026-03-28 10:57:19,9.333333333333334
U-1076,laser_cutting,L-01,2026-03-28 10:33:00,2026-03-28 10:38:48,completed,2026-03-28 10:33:00,2026-03-28 10:38:48,5.8
U-1076,bending,B-01,2026-03-28 11:09:48,2026-03-28 11:16:52,completed,2026-03-28 11:09:48,2026-03-28 11:16:52,7.066666666666666
U-1076,welding,W-02,2026-03-28 11:48:52,2026-03-28 11:58:37,completed,2026-03-28 11:48:52,2026-03-28 11:58:37,9.75
U-1077,laser_cutting,L-02,2026-03-28 09:28:00,2026-03-28 09:32:56,completed,2026-03-28 09:28:00,2026-03-28 09:32:56,4.933333333333334
U-1077,bending,B-02,2026-03-28 09:51:56,2026-03-28 09:59:25,completed,2026-03-28 09:51:56,2026-03-28 09:59:25,7.483333333333333
U-1077,welding,W-02,2026-03-28 10:19:25,2026-03-28 10:28:05,completed,2026-03-28 10:19:25,2026-03-28 10:28:05,8.666666666666666
U-1078,laser_cutting,L-02,2026-03-28 11:11:00,2026-03-28 11:18:39,completed,2026-03-28 11:11:00,2026-03-28 11:18:39,7.65
U-1078,bending,B-01,2026-03-28 11:55:39,2026-03-28 12:07:33,completed,2026-03-28 11:55:39,2026-03-28 12:07:33,11.9
U-1078,welding,W-02,2026-03-28 12:31:33,2026-03-28 12:41:52,completed,2026-03-28 12:31:33,2026-03-28 12:41:52,10.316666666666666
U-1079,laser_cutting,L-02,2026-03-28 08:55:00,2026-03-28 09:02:32,completed,2026-03-28 08:55:00,2026-03-28 09:02:32,7.533333333333333
U-1079,bending,B-01,2026-03-28 09:39:32,2026-03-28 09:48:52,completed,2026-03-28 09:39:32,2026-03-28 09:48:52,9.333333333333334
U-1079,welding,W-01,2026-03-28 10:14:52,2026-03-28 10:23:31,completed,2026-03-28 10:14:52,2026-03-28 10:23:31,8.65
U-1080,laser_cutting,L-02,2026-03-28 08:31:00,2026-03-28 08:35:52,completed,2026-03-28 08:31:00,2026-03-28 08:35:52,4.866666666666666
U-1080,bending,B-01,2026-03-28 08:49:52,2026-03-28 08:57:04,completed,2026-03-28 08:49:52,2026-03-28 08:57:04,7.2
U-1080,welding,W-02,2026-03-28 09:32:04,2026-03-28 09:39:37,completed,2026-03-28 09:32:04,2026-03-28 09:39:37,7.55
U-1081,laser_cutting,L-02,2026-03-28 10:33:00,2026-03-28 10:42:10,completed,2026-03-28 10:33:00,2026-03-28 10:42:10,9.166666666666666
U-1081,bending,B-02,2026-03-28 11:13:10,2026-03-28 11:23:06,completed,2026-03-28 11:13:10,2026-03-28 11:23:06,9.933333333333334
U-1081,welding,W-01,2026-03-28 12:03:06,2026-03-28 12:12:39,completed,2026-03-28 12:03:06,2026-03-28 12:12:39,9.55
U-1082,laser_cutting,L-01,2026-03-28 10:57:00,2026-03-28 11:03:00,completed,2026-03-28 10:57:00,2026-03-28 11:03:00,6.0
U-1082,bending,B-01,2026-03-28 11:35:00,2026-03-28 11:41:59,completed,2026-03-28 11:35:00,2026-03-28 11:41:59,6.983333333333333
U-1082,welding,W-02,2026-03-28 12:11:59,2026-03-28 12:19:20,completed,2026-03-28 12:11:59,2026-03-28 12:19:20,7.35
U-1083,laser_cutting,L-02,2026-03-28 09:37:00,2026-03-28 09:40:24,completed,2026-03-28 09:37:00,2026-03-28 09:40:24,3.4
U-1083,bending,B-02,2026-03-28 10:02:24,2026-03-28 10:11:21,completed,2026-03-28 10:02:24,2026-03-28 10:11:21,8.95
U-1083,welding,W-01,2026-03-28 10:37:21,2026-03-28 10:47:45,completed,2026-03-28 10:37:21,2026-03-28 10:47:45,10.4
U-1084,laser_cutting,L-02,2026-03-28 10:57:00,2026-03-28 11:04:24,completed,2026-03-28 10:57:00,2026-03-28 11:04:24,7.4
U-1084,bending,B-01,2026-03-28 11:44:24,2026-03-28 11:51:40,completed,2026-03-28 11:44:24,2026-03-28 11:51:40,7.266666666666667
U-1084,welding,W-01,2026-03-28 12:10:40,2026-03-28 12:19:31,completed,2026-03-28 12:10:40,2026-03-28 12:19:31,8.85
U-1085,laser_cutting,L-01,2026-03-28 10:40:00,2026-03-28 10:43:50,completed,2026-03-28 10:40:00,2026-03-28 10:43:50,3.8333333333333335
U-1085,bending,B-01,2026-03-28 10:57:50,2026-03-28 11:03:31,completed,2026-03-28 10:57:50,2026-03-28 11:03:31,5.683333333333334
U-1085,welding,W-01,2026-03-28 11:40:31,2026-03-28 11:47:59,completed,2026-03-28 11:40:31,2026-03-28 11:47:59,7.466666666666667
U-1086,laser_cutting,L-03,2026-03-28 10:46:00,2026-03-28 10:53:12,completed,2026-03-28 10:46:00,2026-03-28 10:53:12,7.2
U-1086,bending,B-01,2026-03-28 11:16:12,2026-03-28 11:24:08,completed,2026-03-28 11:16:12,2026-03-28 11:24:08,7.933333333333334
U-1086,welding,W-02,2026-03-28 11:57:08,2026-03-28 12:07:52,completed,2026-03-28 11:57:08,2026-03-28 12:07:52,10.733333333333333
U-1087,laser_cutting,L-01,2026-03-28 09:19:00,2026-03-28 09:23:39,completed,2026-03-28 09:19:00,2026-03-28 09:23:39,4.65
U-1087,bending,B-01,2026-03-28 10:02:39,2026-03-28 10:08:43,completed,2026-03-28 10:02:39,2026-03-28 10:08:43,6.066666666666666
U-1087,welding,W-01,2026-03-28 10:46:43,2026-03-28 10:55:53,completed,2026-03-28 10:46:43,2026-03-28 10:55:53,9.166666666666666
U-1088,laser_cutting,L-01,2026-03-28 10:33:00,2026-03-28 10:36:58,completed,2026-03-28 10:33:00,2026-03-28 10:36:58,3.966666666666667
U-1088,bending,B-01,2026-03-28 10:59:58,2026-03-28 11:09:06,completed,2026-03-28 10:59:58,2026-03-28 11:09:06,9.133333333333333
U-1088,welding,W-01,2026-03-28 11:42:06,2026-03-28 11:51:36,completed,2026-03-28 11:42:06,2026-03-28 11:51:36,9.5
U-1089,laser_cutting,L-01,2026-03-28 09:42:00,2026-03-28 09:46:52,completed,2026-03-28 09:42:00,2026-03-28 09:46:52,4.866666666666666
U-1089,bending,B-02,2026-03-28 10:22:52,2026-03-28 10:31:01,completed,2026-03-28 10:22:52,2026-03-28 10:31:01,8.15
U-1089,welding,W-02,2026-03-28 10:45:01,2026-03-28 10:54:45,completed,2026-03-28 10:45:01,2026-03-28 10:54:45,9.733333333333333
U-1090,laser_cutting,L-03,2026-03-28 08:41:00,2026-03-28 08:49:11,completed,2026-03-28 08:41:00,2026-03-28 08:49:11,8.183333333333334
U-1090,bending,B-02,2026-03-28 09:28:11,2026-03-28 09:35:21,completed,2026-03-28 09:28:11,2026-03-28 09:35:21,7.166666666666667
U-1090,welding,W-02,2026-03-28 10:21:21,2026-03-28 10:32:06,completed,2026-03-28 10:21:21,2026-03-28 10:32:06,10.75
U-1091,laser_cutting,L-02,2026-03-28 09:31:00,2026-03-28 09:35:34,completed,2026-03-28 09:31:00,2026-03-28 09:35:34,4.566666666666666
U-1091,bending,B-01,2026-03-28 09:48:34,2026-03-28 09:55:04,completed,2026-03-28 09:48:34,2026-03-28 09:55:04,6.5
U-1091,welding,W-01,2026-03-28 10:36:04,2026-03-28 10:47:27,completed,2026-03-28 10:36:04,2026-03-28 10:47:27,11.383333333333333
U-1092,laser_cutting,L-01,2026-03-28 08:42:00,2026-03-28 08:47:51,completed,2026-03-28 08:42:00,2026-03-28 08:47:51,5.85
U-1092,bending,B-01,2026-03-28 09:11:51,2026-03-28 09:18:40,completed,2026-03-28 09:11:51,2026-03-28 09:18:40,6.816666666666666
U-1092,welding,W-02,2026-03-28 09:34:40,2026-03-28 09:42:13,completed,2026-03-28 09:34:40,2026-03-28 09:42:13,7.55
U-1093,laser_cutting,L-01,2026-03-28 09:23:00,2026-03-28 09:27:13,completed,2026-03-28 09:23:00,2026-03-28 09:27:13,4.216666666666667
U-1093,bending,B-01,2026-03-28 09:40:13,2026-03-28 09:45:30,completed,2026-03-28 09:40:13,2026-03-28 09:45:30,5.283333333333333
U-1093,welding,W-01,2026-03-28 10:14:30,2026-03-28 10:24:08,completed,2026-03-28 10:14:30,2026-03-28 10:24:08,9.633333333333333
U-1094,laser_cutting,L-02,2026-03-28 10:14:00,2026-03-28 10:23:42,completed,2026-03-28 10:14:00,2026-03-28 10:23:42,9.7
U-1094,bending,B-01,2026-03-28 10:36:42,2026-03-28 10:41:54,completed,2026-03-28 10:36:42,2026-03-28 10:41:54,5.2
U-1094,welding,W-02,2026-03-28 11:13:54,2026-03-28 11:22:55,completed,2026-03-28 11:13:54,2026-03-28 11:22:55,9.016666666666667
U-1095,laser_cutting,L-02,2026-03-28 10:08:00,2026-03-28 10:15:27,completed,2026-03-28 10:08:00,2026-03-28 10:15:27,7.45
U-1095,bending,B-01,2026-03-28 10:49:27,2026-03-28 10:56:57,completed,2026-03-28 10:49:27,2026-03-28 10:56:57,7.5
U-1095,welding,W-02,2026-03-28 11:15:57,2026-03-28 11:27:40,completed,2026-03-28 11:15:57,2026-03-28 11:27:40,11.716666666666667
U-1096,laser_cutting,L-02,2026-03-28 09:36:00,2026-03-28 09:44:25,completed,2026-03-28 09:36:00,2026-03-28 09:44:25,8.416666666666666
U-1096,bending,B-02,2026-03-28 10:06:25,2026-03-28 10:13:34,completed,2026-03-28 10:06:25,2026-03-28 10:13:34,7.15
U-1096,welding,W-02,2026-03-28 10:50:34,2026-03-28 11:00:35,completed,2026-03-28 10:50:34,2026-03-28 11:00:35,10.016666666666667
U-1097,laser_cutting,L-01,2026-03-28 10:58:00,2026-03-28 11:06:11,completed,2026-03-28 10:58:00,2026-03-28 11:06:11,8.183333333333334
U-1097,bending,B-02,2026-03-28 11:46:11,2026-03-28 11:55:55,completed,2026-03-28 11:46:11,2026-03-28 11:55:55,9.733333333333333
U-1097,welding,W-01,2026-03-28 12:22:55,2026-03-28 12:33:40,completed,2026-03-28 12:22:55,2026-03-28 12:33:40,10.75
U-1098,laser_cutting,L-02,2026-03-28 09:25:00,2026-03-28 09:30:43,completed,2026-03-28 09:25:00,2026-03-28 09:30:43,5.716666666666667
U-1098,bending,B-01,2026-03-28 10:14:43,2026-03-28 10:21:17,completed,2026-03-28 10:14:43,2026-03-28 10:21:17,6.566666666666666
U-1098,welding,W-01,2026-03-28 10:53:17,2026-03-28 11:04:54,completed,2026-03-28 10:53:17,2026-03-28 11:04:54,11.616666666666667
U-1099,laser_cutting,L-02,2026-03-28 09:28:00,2026-03-28 09:32:51,completed,2026-03-28 09:28:00,2026-03-28 09:32:51,4.85
U-1099,bending,B-01,2026-03-28 09:52:51,2026-03-28 10:00:17,completed,2026-03-28 09:52:51,2026-03-28 10:00:17,7.433333333333334
U-1099,welding,W-01,2026-03-28 10:40:17,2026-03-28 10:50:48,completed,2026-03-28 10:40:17,2026-03-28 10:50:48,10.516666666666667
U-1100,laser_cutting,L-02,2026-03-28 09:42:00,2026-03-28 09:48:36,completed,2026-03-28 09:42:00,2026-03-28 09:48:36,6.6
U-1100,bending,B-01,2026-03-28 10:17:36,2026-03-28 10:24:46,completed,2026-03-28 10:17:36,2026-03-28 10:24:46,7.166666666666667
U-1100,welding,W-02,2026-03-28 10:50:46,2026-03-28 10:59:34,completed,2026-03-28 10:50:46,2026-03-28 10:59:34,8.8
U-1101,laser_cutting,L-03,2026-03-28 10:36:00,2026-03-28 10:42:29,completed,2026-03-28 10:36:00,2026-03-28 10:42:29,6.483333333333333
U-1101,bending,B-01,2026-03-28 11:18:29,2026-03-28 11:26:32,completed,2026-03-28 11:18:29,2026-03-28 11:26:32,8.05
U-1101,welding,W-01,2026-03-28 12:09:32,2026-03-28 12:17:46,completed,2026-03-28 12:09:32,2026-03-28 12:17:46,8.233333333333333
U-1102,laser_cutting,L-03,2026-03-28 10:43:00,2026-03-28 10:50:10,completed,2026-03-28 10:43:00,2026-03-28 10:50:10,7.166666666666667
U-1102,bending,B-01,2026-03-28 11:08:10,2026-03-28 11:17:17,completed,2026-03-28 11:08:10,2026-03-28 11:17:17,9.116666666666667
U-1102,welding,W-02,2026-03-28 11:52:17,2026-03-28 12:00:24,completed,2026-03-28 11:52:17,2026-03-28 12:00:24,8.116666666666667
U-1103,laser_cutting,L-02,2026-03-28 09:26:00,2026-03-28 09:32:08,completed,2026-03-28 09:26:00,2026-03-28 09:32:08,6.133333333333334
U-1103,bending,B-01,2026-03-28 10:06:08,2026-03-28 10:13:08,completed,2026-03-28 10:06:08,2026-03-28 10:13:08,7.0
U-1103,welding,W-02,2026-03-28 10:50:08,2026-03-28 10:58:49,completed,2026-03-28 10:50:08,2026-03-28 10:58:49,8.683333333333334
U-1104,laser_cutting,L-03,2026-03-28 10:58:00,2026-03-28 11:04:19,completed,2026-03-28 10:58:00,2026-03-28 11:04:19,6.316666666666666
U-1104,bending,B-02,2026-03-28 11:25:19,2026-03-28 11:34:00,completed,2026-03-28 11:25:19,2026-03-28 11:34:00,8.683333333333334
U-1104,welding,W-01,2026-03-28 12:15:00,2026-03-28 12:25:26,completed,2026-03-28 12:15:00,2026-03-28 12:25:26,10.433333333333334
U-1105,laser_cutting,L-01,2026-03-28 10:54:00,2026-03-28 11:00:51,completed,2026-03-28 10:54:00,2026-03-28 11:00:51,6.85
U-1105,bending,B-02,2026-03-28 11:21:51,2026-03-28 11:28:49,completed,2026-03-28 11:21:51,2026-03-28 11:28:49,6.966666666666667
U-1105,welding,W-01,2026-03-28 11:47:49,2026-03-28 11:58:16,completed,2026-03-28 11:47:49,2026-03-28 11:58:16,10.45
U-1106,laser_cutting,L-02,2026-03-28 11:23:00,2026-03-28 11:30:24,completed,2026-03-28 11:23:00,2026-03-28 11:30:24,7.4
U-1106,bending,B-01,2026-03-28 11:50:24,2026-03-28 12:01:30,completed,2026-03-28 11:50:24,2026-03-28 12:01:30,11.1
U-1106,welding,W-02,2026-03-28 12:44:30,2026-03-28 12:53:55,completed,2026-03-28 12:44:30,2026-03-28 12:53:55,9.416666666666666
U-1107,laser_cutting,L-01,2026-03-28 09:32:00,2026-03-28 09:37:40,completed,2026-03-28 09:32:00,2026-03-28 09:37:40,5.666666666666667
U-1107,bending,B-02,2026-03-28 10:23:40,2026-03-28 10:31:58,completed,2026-03-28 10:23:40,2026-03-28 10:31:58,8.3
U-1107,welding,W-02,2026-03-28 11:01:58,2026-03-28 11:10:26,completed,2026-03-28 11:01:58,2026-03-28 11:10:26,8.466666666666667
U-1108,laser_cutting,L-02,2026-03-28 09:49:00,2026-03-28 09:55:30,completed,2026-03-28 09:49:00,2026-03-28 09:55:30,6.5
U-1108,bending,B-01,2026-03-28 10:28:30,2026-03-28 10:34:43,completed,2026-03-28 10:28:30,2026-03-28 10:34:43,6.216666666666667
U-1108,welding,W-01,2026-03-28 11:17:43,2026-03-28 11:28:01,completed,2026-03-28 11:17:43,2026-03-28 11:28:01,10.3
U-1109,laser_cutting,L-01,2026-03-28 10:53:00,2026-03-28 10:59:51,completed,2026-03-28 10:53:00,2026-03-28 10:59:51,6.85
U-1109,bending,B-01,2026-03-28 11:41:51,2026-03-28 11:47:04,completed,2026-03-28 11:41:51,2026-03-28 11:47:04,5.216666666666667
U-1109,welding,W-02,2026-03-28 12:25:04,2026-03-28 12:34:13,completed,2026-03-28 12:25:04,2026-03-28 12:34:13,9.15
U-1110,laser_cutting,L-01,2026-03-28 11:00:00,2026-03-28 11:04:33,completed,2026-03-28 11:00:00,2026-03-28 11:04:33,4.55
U-1110,bending,B-01,2026-03-28 11:35:33,2026-03-28 11:43:48,completed,2026-03-28 11:35:33,2026-03-28 11:43:48,8.25
U-1110,welding,W-01,2026-03-28 12:05:48,2026-03-28 12:15:12,completed,2026-03-28 12:05:48,2026-03-28 12:15:12,9.4
U-1111,laser_cutting,L-03,2026-03-28 09:01:00,2026-03-28 09:10:27,completed,2026-03-28 09:01:00,2026-03-28 09:10:27,9.45
U-1111,bending,B-01,2026-03-28 09:38:27,2026-03-28 09:48:00,completed,2026-03-28 09:38:27,2026-03-28 09:48:00,9.55
U-1111,welding,W-02,2026-03-28 10:16:00,2026-03-28 10:28:57,completed,2026-03-28 10:16:00,2026-03-28 10:28:57,12.95
U-1112,laser_cutting,L-01,2026-03-28 09:37:00,2026-03-28 09:42:39,completed,2026-03-28 09:37:00,2026-03-28 09:42:39,5.65
U-1112,bending,B-01,2026-03-28 10:16:39,2026-03-28 10:22:10,completed,2026-03-28 10:16:39,2026-03-28 10:22:10,5.516666666666667
U-1112,welding,W-01,2026-03-28 11:05:10,2026-03-28 11:13:52,completed,2026-03-28 11:05:10,2026-03-28 11:13:52,8.7
U-1113,laser_cutting,L-02,2026-03-28 09:07:00,2026-03-28 09:12:02,completed,2026-03-28 09:07:00,2026-03-28 09:12:02,5.033333333333333
U-1113,bending,B-02,2026-03-28 10:01:02,2026-03-28 10:08:36,completed,2026-03-28 10:01:02,2026-03-28 10:08:36,7.566666666666666
U-1113,welding,W-01,2026-03-28 10:30:36,2026-03-28 10:39:49,completed,2026-03-28 10:30:36,2026-03-28 10:39:49,9.216666666666667
U-1114,laser_cutting,L-02,2026-03-28 10:28:00,2026-03-28 10:37:12,completed,2026-03-28 10:28:00,2026-03-28 10:37:12,9.2
U-1114,bending,B-02,2026-03-28 11:15:12,2026-03-28 11:25:14,completed,2026-03-28 11:15:12,2026-03-28 11:25:14,10.033333333333333
U-1114,welding,W-01,2026-03-28 11:46:14,2026-03-28 11:58:15,completed,2026-03-28 11:46:14,2026-03-28 11:58:15,12.016666666666667
U-1115,laser_cutting,L-01,2026-03-28 10:43:00,2026-03-28 10:45:28,completed,2026-03-28 10:43:00,2026-03-28 10:45:28,2.466666666666667
U-1115,bending,B-02,2026-03-28 11:27:28,2026-03-28 11:33:32,completed,2026-03-28 11:27:28,2026-03-28 11:33:32,6.066666666666666
U-1115,welding,W-02,2026-03-28 12:06:32,2026-03-28 12:15:17,completed,2026-03-28 12:06:32,2026-03-28 12:15:17,8.75
U-1116,laser_cutting,L-03,2026-03-28 11:22:00,2026-03-28 11:28:49,completed,2026-03-28 11:22:00,2026-03-28 11:28:49,6.816666666666666
U-1116,bending,B-02,2026-03-28 12:08:49,2026-03-28 12:17:33,completed,2026-03-28 12:08:49,2026-03-28 12:17:33,8.733333333333333
U-1116,welding,W-02,2026-03-28 12:31:33,2026-03-28 12:40:34,completed,2026-03-28 12:31:33,2026-03-28 12:40:34,9.016666666666667
U-1117,laser_cutting,L-02,2026-03-28 10:13:00,2026-03-28 10:17:37,completed,2026-03-28 10:13:00,2026-03-28 10:17:37,4.616666666666666
U-1117,bending,B-01,2026-03-28 11:01:37,2026-03-28 11:07:33,completed,2026-03-28 11:01:37,2026-03-28 11:07:33,5.933333333333334
U-1117,welding,W-02,2026-03-28 11:49:33,2026-03-28 11:59:03,completed,2026-03-28 11:49:33,2026-03-28 11:59:03,9.5
U-1118,laser_cutting,L-03,2026-03-28 09:27:00,2026-03-28 09:32:09,completed,2026-03-28 09:27:00,2026-03-28 09:32:09,5.15
U-1118,bending,B-01,2026-03-28 10:07:09,2026-03-28 10:15:12,completed,2026-03-28 10:07:09,2026-03-28 10:15:12,8.05
U-1118,welding,W-02,2026-03-28 10:27:12,2026-03-28 10:37:38,completed,2026-03-28 10:27:12,2026-03-28 10:37:38,10.433333333333334
U-1119,laser_cutting,L-02,2026-03-28 09:06:00,2026-03-28 09:14:22,completed,2026-03-28 09:06:00,2026-03-28 09:14:22,8.366666666666667
U-1119,bending,B-02,2026-03-28 09:52:22,2026-03-28 09:58:07,completed,2026-03-28 09:52:22,2026-03-28 09:58:07,5.75
U-1119,welding,W-01,2026-03-28 10:17:07,2026-03-28 10:28:54,completed,2026-03-28 10:17:07,2026-03-28 10:28:54,11.783333333333333
U-1120,laser_cutting,L-02,2026-03-28 11:12:00,2026-03-28 11:18:30,completed,2026-03-28 11:12:00,2026-03-28 11:18:30,6.5
U-1120,bending,B-01,2026-03-28 11:57:30,2026-03-28 12:07:13,completed,2026-03-28 11:57:30,2026-03-28 12:07:13,9.716666666666667
U-1120,welding,W-02,2026-03-28 12:38:13,2026-03-28 12:47:27,completed,2026-03-28 12:38:13,2026-03-28 12:47:27,9.233333333333333
U-1121,laser_cutting,L-03,2026-03-28 08:49:00,2026-03-28 08:55:33,completed,2026-03-28 08:49:00,2026-03-28 08:55:33,6.55
U-1121,bending,B-02,2026-03-28 09:16:33,2026-03-28 09:25:33,completed,2026-03-28 09:16:33,2026-03-28 09:25:33,9.0
U-1121,welding,W-02,2026-03-28 09:59:33,2026-03-28 10:07:58,completed,2026-03-28 09:59:33,2026-03-28 10:07:58,8.416666666666666
U-1122,laser_cutting,L-01,2026-03-28 10:04:00,2026-03-28 10:11:31,completed,2026-03-28 10:04:00,2026-03-28 10:11:31,7.516666666666667
U-1122,bending,B-02,2026-03-28 10:47:31,2026-03-28 10:53:34,completed,2026-03-28 10:47:31,2026-03-28 10:53:34,6.05
U-1122,welding,W-02,2026-03-28 11:32:34,2026-03-28 11:43:49,completed,2026-03-28 11:32:34,2026-03-28 11:43:49,11.25
U-1123,laser_cutting,L-01,2026-03-28 10:13:00,2026-03-28 10:19:07,completed,2026-03-28 10:13:00,2026-03-28 10:19:07,6.116666666666666
U-1123,bending,B-01,2026-03-28 10:42:07,2026-03-28 10:49:56,completed,2026-03-28 10:42:07,2026-03-28 10:49:56,7.816666666666666
U-1123,welding,W-01,2026-03-28 11:28:56,2026-03-28 11:40:36,completed,2026-03-28 11:28:56,2026-03-28 11:40:36,11.666666666666666
U-1124,laser_cutting,L-01,2026-03-28 09:56:00,2026-03-28 10:01:59,completed,2026-03-28 09:56:00,2026-03-28 10:01:59,5.983333333333333
U-1124,bending,B-01,2026-03-28 10:19:59,2026-03-28 10:26:06,completed,2026-03-28 10:19:59,2026-03-28 10:26:06,6.116666666666666
U-1124,welding,W-02,2026-03-28 11:11:06,2026-03-28 11:20:54,completed,2026-03-28 11:11:06,2026-03-28 11:20:54,9.8
U-1125,laser_cutting,L-01,2026-03-28 08:59:00,2026-03-28 09:05:21,completed,2026-03-28 08:59:00,2026-03-28 09:05:21,6.35
U-1125,bending,B-01,2026-03-28 09:49:21,2026-03-28 09:56:46,completed,2026-03-28 09:49:21,2026-03-28 09:56:46,7.416666666666667
U-1125,welding,W-02,2026-03-28 10:36:46,2026-03-28 10:46:52,completed,2026-03-28 10:36:46,2026-03-28 10:46:52,10.1
U-1126,laser_cutting,L-03,2026-03-28 09:33:00,2026-03-28 09:39:25,completed,2026-03-28 09:33:00,2026-03-28 09:39:25,6.416666666666667
U-1126,bending,B-01,2026-03-28 09:50:25,2026-03-28 09:59:07,completed,2026-03-28 09:50:25,2026-03-28 09:59:07,8.7
U-1126,welding,W-02,2026-03-28 10:40:07,2026-03-28 10:50:58,completed,2026-03-28 10:40:07,2026-03-28 10:50:58,10.85
U-1127,laser_cutting,L-03,2026-03-28 10:28:00,2026-03-28 10:36:24,completed,2026-03-28 10:28:00,2026-03-28 10:36:24,8.4
U-1127,bending,B-02,2026-03-28 11:21:24,2026-03-28 11:28:22,completed,2026-03-28 11:21:24,2026-03-28 11:28:22,6.966666666666667
U-1127,welding,W-01,2026-03-28 11:48:22,2026-03-28 11:59:30,completed,2026-03-28 11:48:22,2026-03-28 11:59:30,11.133333333333333
U-1128,laser_cutting,L-03,2026-03-28 11:04:00,2026-03-28 11:09:47,completed,2026-03-28 11:04:00,2026-03-28 11:09:47,5.783333333333333
U-1128,bending,B-01,2026-03-28 11:20:47,2026-03-28 11:28:48,completed,2026-03-28 11:20:47,2026-03-28 11:28:48,8.016666666666667
U-1128,welding,W-01,2026-03-28 12:05:48,2026-03-28 12:12:48,completed,2026-03-28 12:05:48,2026-03-28 12:12:48,7.0
U-1129,laser_cutting,L-03,2026-03-28 10:23:00,2026-03-28 10:26:55,completed,2026-03-28 10:23:00,2026-03-28 10:26:55,3.9166666666666665
U-1129,bending,B-01,2026-03-28 10:46:55,2026-03-28 10:54:33,completed,2026-03-28 10:46:55,2026-03-28 10:54:33,7.633333333333334
U-1129,welding,W-01,2026-03-28 11:22:33,2026-03-28 11:33:14,completed,2026-03-28 11:22:33,2026-03-28 11:33:14,10.683333333333334
U-1130,laser_cutting,L-02,2026-03-28 10:59:00,2026-03-28 11:07:06,completed,2026-03-28 10:59:00,2026-03-28 11:07:06,8.1
U-1130,bending,B-02,2026-03-28 11:54:06,2026-03-28 12:03:30,completed,2026-03-28 11:54:06,2026-03-28 12:03:30,9.4
U-1130,welding,W-01,2026-03-28 12:49:30,2026-03-28 12:57:15,completed,2026-03-28 12:49:30,2026-03-28 12:57:15,7.75
U-1131,laser_cutting,L-03,2026-03-28 10:06:00,2026-03-28 10:12:41,completed,2026-03-28 10:06:00,2026-03-28 10:12:41,6.683333333333334
U-1131,bending,B-01,2026-03-28 10:56:41,2026-03-28 11:02:07,completed,2026-03-28 10:56:41,2026-03-28 11:02:07,5.433333333333334
U-1131,welding,W-01,2026-03-28 11:49:07,2026-03-28 11:59:32,completed,2026-03-28 11:49:07,2026-03-28 11:59:32,10.416666666666666
U-1132,laser_cutting,L-01,2026-03-28 09:05:00,2026-03-28 09:12:58,completed,2026-03-28 09:05:00,2026-03-28 09:12:58,7.966666666666667
U-1132,bending,B-01,2026-03-28 09:40:58,2026-03-28 09:49:36,completed,2026-03-28 09:40:58,2026-03-28 09:49:36,8.633333333333333
U-1132,welding,W-02,2026-03-28 10:11:36,2026-03-28 10:21:55,completed,2026-03-28 10:11:36,2026-03-28 10:21:55,10.316666666666666
U-1133,laser_cutting,L-03,2026-03-28 10:26:00,2026-03-28 10:33:40,completed,2026-03-28 10:26:00,2026-03-28 10:33:40,7.666666666666667
U-1133,bending,B-01,2026-03-28 10:57:40,2026-03-28 11:04:46,completed,2026-03-28 10:57:40,2026-03-28 11:04:46,7.1
U-1133,welding,W-01,2026-03-28 11:22:46,2026-03-28 11:34:58,completed,2026-03-28 11:22:46,2026-03-28 11:34:58,12.2
U-1134,laser_cutting,L-01,2026-03-28 09:18:00,2026-03-28 09:24:33,completed,2026-03-28 09:18:00,2026-03-28 09:24:33,6.55
U-1134,bending,B-01,2026-03-28 10:05:33,2026-03-28 10:14:54,completed,2026-03-28 10:05:33,2026-03-28 10:14:54,9.35
U-1134,welding,W-02,2026-03-28 10:29:54,2026-03-28 10:38:42,completed,2026-03-28 10:29:54,2026-03-28 10:38:42,8.8
U-1135,laser_cutting,L-01,2026-03-28 09:44:00,2026-03-28 09:52:58,completed,2026-03-28 09:44:00,2026-03-28 09:52:58,8.966666666666667
U-1135,bending,B-01,2026-03-28 10:07:58,2026-03-28 10:17:12,completed,2026-03-28 10:07:58,2026-03-28 10:17:12,9.233333333333333
U-1135,welding,W-02,2026-03-28 10:43:12,2026-03-28 10:52:55,completed,2026-03-28 10:43:12,2026-03-28 10:52:55,9.716666666666667
U-1136,laser_cutting,L-03,2026-03-28 11:18:00,2026-03-28 11:24:58,completed,2026-03-28 11:18:00,2026-03-28 11:24:58,6.966666666666667
U-1136,bending,B-02,2026-03-28 11:51:58,2026-03-28 12:00:42,completed,2026-03-28 11:51:58,2026-03-28 12:00:42,8.733333333333333
U-1136,welding,W-02,2026-03-28 12:28:42,2026-03-28 12:37:09,completed,2026-03-28 12:28:42,2026-03-28 12:37:09,8.45
U-1137,laser_cutting,L-03,2026-03-28 09:37:00,2026-03-28 09:45:19,completed,2026-03-28 09:37:00,2026-03-28 09:45:19,8.316666666666666
U-1137,bending,B-02,2026-03-28 10:32:19,2026-03-28 10:40:12,completed,2026-03-28 10:32:19,2026-03-28 10:40:12,7.883333333333334
U-1137,welding,W-02,2026-03-28 11:09:12,2026-03-28 11:18:10,completed,2026-03-28 11:09:12,2026-03-28 11:18:10,8.966666666666667
U-1138,laser_cutting,L-03,2026-03-28 10:44:00,2026-03-28 10:51:51,completed,2026-03-28 10:44:00,2026-03-28 10:51:51,7.85
U-1138,bending,B-01,2026-03-28 11:35:51,2026-03-28 11:43:16,completed,2026-03-28 11:35:51,2026-03-28 11:43:16,7.416666666666667
U-1138,welding,W-01,2026-03-28 12:17:16,2026-03-28 12:27:09,completed,2026-03-28 12:17:16,2026-03-28 12:27:09,9.883333333333333
U-1139,laser_cutting,L-02,2026-03-28 08:49:00,2026-03-28 08:55:52,completed,2026-03-28 08:49:00,2026-03-28 08:55:52,6.866666666666666
U-1139,bending,B-01,2026-03-28 09:33:52,2026-03-28 09:40:09,completed,2026-03-28 09:33:52,2026-03-28 09:40:09,6.283333333333333
U-1139,welding,W-02,2026-03-28 10:16:09,2026-03-28 10:25:21,completed,2026-03-28 10:16:09,2026-03-28 10:25:21,9.2
U-1140,laser_cutting,L-01,2026-03-28 11:25:00,2026-03-28 11:30:48,completed,2026-03-28 11:25:00,2026-03-28 11:30:48,5.8
U-1140,bending,B-01,2026-03-28 12:09:48,2026-03-28 12:19:30,completed,2026-03-28 12:09:48,2026-03-28 12:19:30,9.7
U-1140,welding,W-02,2026-03-28 12:49:30,2026-03-28 13:00:37,completed,2026-03-28 12:49:30,2026-03-28 13:00:37,11.116666666666667
U-1141,laser_cutting,L-03,2026-03-28 10:43:00,2026-03-28 10:49:51,completed,2026-03-28 10:43:00,2026-03-28 10:49:51,6.85
U-1141,bending,B-02,2026-03-28 11:30:51,2026-03-28 11:39:51,completed,2026-03-28 11:30:51,2026-03-28 11:39:51,9.0
U-1141,welding,W-02,2026-03-28 12:06:51,2026-03-28 12:18:26,completed,2026-03-28 12:06:51,2026-03-28 12:18:26,11.583333333333334
U-1142,laser_cutting,L-01,2026-03-28 09:29:00,2026-03-28 09:36:10,completed,2026-03-28 09:29:00,2026-03-28 09:36:10,7.166666666666667
U-1142,bending,B-02,2026-03-28 09:46:10,2026-03-28 09:54:31,completed,2026-03-28 09:46:10,2026-03-28 09:54:31,8.35
U-1142,welding,W-02,2026-03-28 10:17:31,2026-03-28 10:27:48,completed,2026-03-28 10:17:31,2026-03-28 10:27:48,10.283333333333333
U-1143,laser_cutting,L-02,2026-03-28 08:39:00,2026-03-28 08:46:12,completed,2026-03-28 08:39:00,2026-03-28 08:46:12,7.2
U-1143,bending,B-01,2026-03-28 09:26:12,2026-03-28 09:33:37,completed,2026-03-28 09:26:12,2026-03-28 09:33:37,7.416666666666667
U-1143,welding,W-01,2026-03-28 10:16:37,2026-03-28 10:26:57,completed,2026-03-28 10:16:37,2026-03-28 10:26:57,10.333333333333334
U-1144,laser_cutting,L-02,2026-03-28 09:53:00,2026-03-28 09:59:21,completed,2026-03-28 09:53:00,2026-03-28 09:59:21,6.35
U-1144,bending,B-01,2026-03-28 10:18:21,2026-03-28 10:25:54,completed,2026-03-28 10:18:21,2026-03-28 10:25:54,7.55
U-1144,welding,W-01,2026-03-28 11:04:54,2026-03-28 11:14:10,completed,2026-03-28 11:04:54,2026-03-28 11:14:10,9.266666666666667
U-1145,laser_cutting,L-03,2026-03-28 11:14:00,2026-03-28 11:22:24,completed,2026-03-28 11:14:00,2026-03-28 11:22:24,8.4
U-1145,bending,B-02,2026-03-28 11:43:24,2026-03-28 11:51:04,completed,2026-03-28 11:43:24,2026-03-28 11:51:04,7.666666666666667
U-1145,welding,W-01,2026-03-28 12:35:04,2026-03-28 12:45:22,completed,2026-03-28 12:35:04,2026-03-28 12:45:22,10.3
U-1146,laser_cutting,L-02,2026-03-28 10:09:00,2026-03-28 10:18:10,completed,2026-03-28 10:09:00,2026-03-28 10:18:10,9.166666666666666
U-1146,bending,B-01,2026-03-28 10:47:10,2026-03-28 10:56:20,completed,2026-03-28 10:47:10,2026-03-28 10:56:20,9.166666666666666
U-1146,welding,W-02,2026-03-28 11:37:20,2026-03-28 11:48:04,completed,2026-03-28 11:37:20,2026-03-28 11:48:04,10.733333333333333
U-1147,laser_cutting,L-01,2026-03-28 08:45:00,2026-03-28 08:49:41,completed,2026-03-28 08:45:00,2026-03-28 08:49:41,4.683333333333334
U-1147,bending,B-02,2026-03-28 09:03:41,2026-03-28 09:10:19,completed,2026-03-28 09:03:41,2026-03-28 09:10:19,6.633333333333334
U-1147,welding,W-02,2026-03-28 09:47:19,2026-03-28 09:54:31,completed,2026-03-28 09:47:19,2026-03-28 09:54:31,7.2
U-1148,laser_cutting,L-03,2026-03-28 10:17:00,2026-03-28 10:22:50,completed,2026-03-28 10:17:00,2026-03-28 10:22:50,5.833333333333333
U-1148,bending,B-02,2026-03-28 10:56:50,2026-03-28 11:04:52,completed,2026-03-28 10:56:50,2026-03-28 11:04:52,8.033333333333333
U-1148,welding,W-01,2026-03-28 11:46:52,2026-03-28 11:58:05,completed,2026-03-28 11:46:52,2026-03-28 11:58:05,11.216666666666667
U-1149,laser_cutting,L-03,2026-03-28 09:02:00,2026-03-28 09:08:59,completed,2026-03-28 09:02:00,2026-03-28 09:08:59,6.983333333333333
U-1149,bending,B-02,2026-03-28 09:33:59,2026-03-28 09:41:40,completed,2026-03-28 09:33:59,2026-03-28 09:41:40,7.683333333333334
U-1149,welding,W-02,2026-03-28 10:01:40,2026-03-28 10:10:43,completed,2026-03-28 10:01:40,2026-03-28 10:10:43,9.05
U-1150,laser_cutting,L-01,2026-03-28 09:31:00,2026-03-28 09:35:42,completed,2026-03-28 09:31:00,2026-03-28 09:35:42,4.7
U-1150,bending,B-01,2026-03-28 09:52:42,2026-03-28 10:00:04,completed,2026-03-28 09:52:42,2026-03-28 10:00:04,7.366666666666666
U-1150,welding,W-01,2026-03-28 10:33:04,2026-03-28 10:41:28,completed,2026-03-28 10:33:04,2026-03-28 10:41:28,8.4
U-1151,laser_cutting,L-02,2026-03-28 08:53:00,2026-03-28 08:59:58,completed,2026-03-28 08:53:00,2026-03-28 08:59:58,6.966666666666667
U-1151,bending,B-02,2026-03-28 09:29:58,2026-03-28 09:38:53,completed,2026-03-28 09:29:58,2026-03-28 09:38:53,8.916666666666666
U-1151,welding,W-02,2026-03-28 10:20:53,2026-03-28 10:28:37,completed,2026-03-28 10:20:53,2026-03-28 10:28:37,7.733333333333333
U-1152,laser_cutting,L-02,2026-03-28 10:59:00,2026-03-28 11:06:51,completed,2026-03-28 10:59:00,2026-03-28 11:06:51,7.85
U-1152,bending,B-01,2026-03-28 11:46:51,2026-03-28 11:54:55,completed,2026-03-28 11:46:51,2026-03-28 11:54:55,8.066666666666666
U-1152,welding,W-01,2026-03-28 12:19:55,2026-03-28 12:28:43,completed,2026-03-28 12:19:55,2026-03-28 12:28:43,8.8
U-1153,laser_cutting,L-02,2026-03-28 10:53:00,2026-03-28 10:59:28,completed,2026-03-28 10:53:00,2026-03-28 10:59:28,6.466666666666667
U-1153,bending,B-02,2026-03-28 11:36:28,2026-03-28 11:45:12,completed,2026-03-28 11:36:28,2026-03-28 11:45:12,8.733333333333333
U-1153,welding,W-02,2026-03-28 12:06:12,2026-03-28 12:15:58,completed,2026-03-28 12:06:12,2026-03-28 12:15:58,9.766666666666667
U-1154,laser_cutting,L-03,2026-03-28 10:57:00,2026-03-28 11:03:43,completed,2026-03-28 10:57:00,2026-03-28 11:03:43,6.716666666666667
U-1154,bending,B-01,2026-03-28 11:39:43,2026-03-28 11:47:17,completed,2026-03-28 11:39:43,2026-03-28 11:47:17,7.566666666666666
U-1154,welding,W-02,2026-03-28 12:20:17,2026-03-28 12:27:54,completed,2026-03-28 12:20:17,2026-03-28 12:27:54,7.616666666666666
U-1155,laser_cutting,L-01,2026-03-28 08:49:00,2026-03-28 08:53:46,completed,2026-03-28 08:49:00,2026-03-28 08:53:46,4.766666666666667
U-1155,bending,B-02,2026-03-28 09:42:46,2026-03-28 09:49:59,completed,2026-03-28 09:42:46,2026-03-28 09:49:59,7.216666666666667
U-1155,welding,W-02,2026-03-28 10:09:59,2026-03-28 10:19:18,completed,2026-03-28 10:09:59,2026-03-28 10:19:18,9.316666666666666
U-1156,laser_cutting,L-02,2026-03-28 09:48:00,2026-03-28 09:54:47,completed,2026-03-28 09:48:00,2026-03-28 09:54:47,6.783333333333333
U-1156,bending,B-01,2026-03-28 10:19:47,2026-03-28 10:27:36,completed,2026-03-28 10:19:47,2026-03-28 10:27:36,7.816666666666666
U-1156,welding,W-01,2026-03-28 11:00:36,2026-03-28 11:09:39,completed,2026-03-28 11:00:36,2026-03-28 11:09:39,9.05
U-1157,laser_cutting,L-03,2026-03-28 10:51:00,2026-03-28 10:57:03,completed,2026-03-28 10:51:00,2026-03-28 10:57:03,6.05
U-1157,bending,B-01,2026-03-28 11:28:03,2026-03-28 11:36:57,completed,2026-03-28 11:28:03,2026-03-28 11:36:57,8.9
U-1157,welding,W-02,2026-03-28 12:20:57,2026-03-28 12:30:29,completed,2026-03-28 12:20:57,2026-03-28 12:30:29,9.533333333333333
U-1158,laser_cutting,L-01,2026-03-28 09:09:00,2026-03-28 09:15:30,completed,2026-03-28 09:09:00,2026-03-28 09:15:30,6.5
U-1158,bending,B-01,2026-03-28 09:47:30,2026-03-28 09:54:04,completed,2026-03-28 09:47:30,2026-03-28 09:54:04,6.566666666666666
U-1158,welding,W-02,2026-03-28 10:11:04,2026-03-28 10:21:27,completed,2026-03-28 10:11:04,2026-03-28 10:21:27,10.383333333333333
U-1159,laser_cutting,L-01,2026-03-28 10:02:00,2026-03-28 10:09:04,completed,2026-03-28 10:02:00,2026-03-28 10:09:04,7.066666666666666
U-1159,bending,B-01,2026-03-28 10:46:04,2026-03-28 10:54:00,completed,2026-03-28 10:46:04,2026-03-28 10:54:00,7.933333333333334
U-1159,welding,W-01,2026-03-28 11:18:00,2026-03-28 11:29:22,completed,2026-03-28 11:18:00,2026-03-28 11:29:22,11.366666666666667
U-1160,laser_cutting,L-03,2026-03-28 10:58:00,2026-03-28 11:06:48,completed,2026-03-28 10:58:00,2026-03-28 11:06:48,8.8
U-1160,bending,B-02,2026-03-28 11:46:48,2026-03-28 11:56:09,completed,2026-03-28 11:46:48,2026-03-28 11:56:09,9.35
U-1160,welding,W-02,2026-03-28 12:27:09,2026-03-28 12:35:35,completed,2026-03-28 12:27:09,2026-03-28 12:35:35,8.433333333333334
U-1161,laser_cutting,L-03,2026-03-28 10:09:00,2026-03-28 10:16:24,completed,2026-03-28 10:09:00,2026-03-28 10:16:24,7.4
U-1161,bending,B-01,2026-03-28 11:06:24,2026-03-28 11:16:42,completed,2026-03-28 11:06:24,2026-03-28 11:16:42,10.3
U-1161,welding,W-01,2026-03-28 12:01:42,2026-03-28 12:12:36,completed,2026-03-28 12:01:42,2026-03-28 12:12:36,10.9
U-1162,laser_cutting,L-03,2026-03-28 10:32:00,2026-03-28 10:39:23,completed,2026-03-28 10:32:00,2026-03-28 10:39:23,7.383333333333334
U-1162,bending,B-02,2026-03-28 11:08:23,2026-03-28 11:17:22,completed,2026-03-28 11:08:23,2026-03-28 11:17:22,8.983333333333333
U-1162,welding,W-02,2026-03-28 11:47:22,2026-03-28 11:55:59,completed,2026-03-28 11:47:22,2026-03-28 11:55:59,8.616666666666667
U-1163,laser_cutting,L-03,2026-03-28 11:06:00,2026-03-28 11:11:48,completed,2026-03-28 11:06:00,2026-03-28 11:11:48,5.8
U-1163,bending,B-02,2026-03-28 11:35:48,2026-03-28 11:41:03,completed,2026-03-28 11:35:48,2026-03-28 11:41:03,5.25
U-1163,welding,W-01,2026-03-28 12:07:03,2026-03-28 12:17:18,completed,2026-03-28 12:07:03,2026-03-28 12:17:18,10.25
U-1164,laser_cutting,L-01,2026-03-28 09:10:00,2026-03-28 09:15:16,completed,2026-03-28 09:10:00,2026-03-28 09:15:16,5.266666666666667
U-1164,bending,B-01,2026-03-28 09:42:16,2026-03-28 09:48:49,completed,2026-03-28 09:42:16,2026-03-28 09:48:49,6.55
U-1164,welding,W-02,2026-03-28 10:22:49,2026-03-28 10:33:58,completed,2026-03-28 10:22:49,2026-03-28 10:33:58,11.15
U-1165,laser_cutting,L-01,2026-03-28 08:15:00,2026-03-28 08:20:24,completed,2026-03-28 08:15:00,2026-03-28 08:20:24,5.4
U-1165,bending,B-01,2026-03-28 08:36:24,2026-03-28 08:45:49,completed,2026-03-28 08:36:24,2026-03-28 08:45:49,9.416666666666666
U-1165,welding,W-01,2026-03-28 09:10:49,2026-03-28 09:21:30,completed,2026-03-28 09:10:49,2026-03-28 09:21:30,10.683333333333334
U-1166,laser_cutting,L-03,2026-03-28 08:52:00,2026-03-28 08:58:59,completed,2026-03-28 08:52:00,2026-03-28 08:58:59,6.983333333333333
U-1166,bending,B-01,2026-03-28 09:40:59,2026-03-28 09:47:30,completed,2026-03-28 09:40:59,2026-03-28 09:47:30,6.516666666666667
U-1166,welding,W-02,2026-03-28 10:25:30,2026-03-28 10:34:04,completed,2026-03-28 10:25:30,2026-03-28 10:34:04,8.566666666666666
U-1167,laser_cutting,L-01,2026-03-28 10:27:00,2026-03-28 10:34:47,completed,2026-03-28 10:27:00,2026-03-28 10:34:47,7.783333333333333
U-1167,bending,B-02,2026-03-28 10:57:47,2026-03-28 11:06:46,completed,2026-03-28 10:57:47,2026-03-28 11:06:46,8.983333333333333
U-1167,welding,W-02,2026-03-28 11:42:46,2026-03-28 11:53:00,completed,2026-03-28 11:42:46,2026-03-28 11:53:00,10.233333333333333
U-1168,laser_cutting,L-01,2026-03-28 08:52:00,2026-03-28 09:00:21,completed,2026-03-28 08:52:00,2026-03-28 09:00:21,8.35
U-1168,bending,B-02,2026-03-28 09:20:21,2026-03-28 09:30:35,completed,2026-03-28 09:20:21,2026-03-28 09:30:35,10.233333333333333
U-1168,welding,W-01,2026-03-28 09:49:35,2026-03-28 09:59:03,completed,2026-03-28 09:49:35,2026-03-28 09:59:03,9.466666666666667
U-1169,laser_cutting,L-01,2026-03-28 08:21:00,2026-03-28 08:27:03,completed,2026-03-28 08:21:00,2026-03-28 08:27:03,6.05
U-1169,bending,B-02,2026-03-28 08:57:03,2026-03-28 09:04:56,completed,2026-03-28 08:57:03,2026-03-28 09:04:56,7.883333333333334
U-1169,welding,W-01,2026-03-28 09:20:56,2026-03-28 09:30:15,completed,2026-03-28 09:20:56,2026-03-28 09:30:15,9.316666666666666
U-1170,laser_cutting,L-02,2026-03-28 08:47:00,2026-03-28 08:54:15,completed,2026-03-28 08:47:00,2026-03-28 08:54:15,7.25
U-1170,bending,B-02,2026-03-28 09:38:15,2026-03-28 09:44:42,completed,2026-03-28 09:38:15,2026-03-28 09:44:42,6.45
U-1170,welding,W-02,2026-03-28 10:27:42,2026-03-28 10:36:17,completed,2026-03-28 10:27:42,2026-03-28 10:36:17,8.583333333333334
U-1171,laser_cutting,L-03,2026-03-28 11:18:00,2026-03-28 11:24:43,completed,2026-03-28 11:18:00,2026-03-28 11:24:43,6.716666666666667
U-1171,bending,B-02,2026-03-28 11:49:43,2026-03-28 11:58:45,completed,2026-03-28 11:49:43,2026-03-28 11:58:45,9.033333333333333
U-1171,welding,W-02,2026-03-28 12:22:45,2026-03-28 12:32:25,completed,2026-03-28 12:22:45,2026-03-28 12:32:25,9.666666666666666
U-1172,laser_cutting,L-03,2026-03-28 10:59:00,2026-03-28 11:05:26,completed,2026-03-28 10:59:00,2026-03-28 11:05:26,6.433333333333334
U-1172,bending,B-01,2026-03-28 11:49:26,2026-03-28 11:58:36,completed,2026-03-28 11:49:26,2026-03-28 11:58:36,9.166666666666666
U-1172,welding,W-02,2026-03-28 12:22:36,2026-03-28 12:31:28,completed,2026-03-28 12:22:36,2026-03-28 12:31:28,8.866666666666667
U-1173,laser_cutting,L-03,2026-03-28 09:07:00,2026-03-28 09:13:07,completed,2026-03-28 09:07:00,2026-03-28 09:13:07,6.116666666666666
U-1173,bending,B-02,2026-03-28 09:37:07,2026-03-28 09:42:43,completed,2026-03-28 09:37:07,2026-03-28 09:42:43,5.6
U-1173,welding,W-01,2026-03-28 10:03:43,2026-03-28 10:15:26,completed,2026-03-28 10:03:43,2026-03-28 10:15:26,11.716666666666667
U-1174,laser_cutting,L-03,2026-03-28 10:22:00,2026-03-28 10:30:06,completed,2026-03-28 10:22:00,2026-03-28 10:30:06,8.1
U-1174,bending,B-02,2026-03-28 11:11:06,2026-03-28 11:17:11,completed,2026-03-28 11:11:06,2026-03-28 11:17:11,6.083333333333333
U-1174,welding,W-02,2026-03-28 11:28:11,2026-03-28 11:38:29,completed,2026-03-28 11:28:11,2026-03-28 11:38:29,10.3
U-1175,laser_cutting,L-02,2026-03-28 08:46:00,2026-03-28 08:51:34,completed,2026-03-28 08:46:00,2026-03-28 08:51:34,5.566666666666666
U-1175,bending,B-01,2026-03-28 09:24:34,2026-03-28 09:32:43,completed,2026-03-28 09:24:34,2026-03-28 09:32:43,8.15
U-1175,welding,W-01,2026-03-28 10:00:43,2026-03-28 10:11:22,completed,2026-03-28 10:00:43,2026-03-28 10:11:22,10.65
U-1176,laser_cutting,L-03,2026-03-28 09:57:00,2026-03-28 10:04:01,completed,2026-03-28 09:57:00,2026-03-28 10:04:01,7.016666666666667
U-1176,bending,B-02,2026-03-28 10:33:01,2026-03-28 10:42:18,completed,2026-03-28 10:33:01,2026-03-28 10:42:18,9.283333333333333
U-1176,welding,W-02,2026-03-28 11:05:18,2026-03-28 11:13:48,completed,2026-03-28 11:05:18,2026-03-28 11:13:48,8.5
U-1177,laser_cutting,L-03,2026-03-28 09:42:00,2026-03-28 09:48:57,completed,2026-03-28 09:42:00,2026-03-28 09:48:57,6.95
U-1177,bending,B-01,2026-03-28 10:32:57,2026-03-28 10:43:39,completed,2026-03-28 10:32:57,2026-03-28 10:43:39,10.7
U-1177,welding,W-01,2026-03-28 11:22:39,2026-03-28 11:33:02,completed,2026-03-28 11:22:39,2026-03-28 11:33:02,10.383333333333333
U-1178,laser_cutting,L-01,2026-03-28 09:54:00,2026-03-28 10:01:32,completed,2026-03-28 09:54:00,2026-03-28 10:01:32,7.533333333333333
U-1178,bending,B-02,2026-03-28 10:23:32,2026-03-28 10:30:19,completed,2026-03-28 10:23:32,2026-03-28 10:30:19,6.783333333333333
U-1178,welding,W-02,2026-03-28 10:52:19,2026-03-28 11:02:24,completed,2026-03-28 10:52:19,2026-03-28 11:02:24,10.083333333333334
U-1179,laser_cutting,L-03,2026-03-28 10:58:00,2026-03-28 11:03:21,completed,2026-03-28 10:58:00,2026-03-28 11:03:21,5.35
U-1179,bending,B-02,2026-03-28 11:36:21,2026-03-28 11:45:13,completed,2026-03-28 11:36:21,2026-03-28 11:45:13,8.866666666666667
U-1179,welding,W-02,2026-03-28 12:23:13,2026-03-28 12:32:35,completed,2026-03-28 12:23:13,2026-03-28 12:32:35,9.366666666666667
U-1180,laser_cutting,L-01,2026-03-28 11:20:00,2026-03-28 11:29:42,completed,2026-03-28 11:20:00,2026-03-28 11:29:42,9.7
U-1180,bending,B-01,2026-03-28 12:08:42,2026-03-28 12:13:55,completed,2026-03-28 12:08:42,2026-03-28 12:13:55,5.216666666666667
U-1180,welding,W-01,2026-03-28 12:59:55,2026-03-28 13:12:18,completed,2026-03-28 12:59:55,2026-03-28 13:12:18,12.383333333333333
U-1181,laser_cutting,L-03,2026-03-28 09:41:00,2026-03-28 09:47:48,completed,2026-03-28 09:41:00,2026-03-28 09:47:48,6.8
U-1181,bending,B-01,2026-03-28 10:21:48,2026-03-28 10:30:34,completed,2026-03-28 10:21:48,2026-03-28 10:30:34,8.766666666666667
U-1181,welding,W-01,2026-03-28 10:51:34,2026-03-28 11:02:30,completed,2026-03-28 10:51:34,2026-03-28 11:02:30,10.933333333333334
U-1182,laser_cutting,L-03,2026-03-28 09:14:00,2026-03-28 09:20:35,completed,2026-03-28 09:14:00,2026-03-28 09:20:35,6.583333333333333
U-1182,bending,B-02,2026-03-28 09:45:35,2026-03-28 09:53:19,completed,2026-03-28 09:45:35,2026-03-28 09:53:19,7.733333333333333
U-1182,welding,W-01,2026-03-28 10:29:19,2026-03-28 10:40:04,completed,2026-03-28 10:29:19,2026-03-28 10:40:04,10.75
U-1183,laser_cutting,L-02,2026-03-28 09:38:00,2026-03-28 09:45:27,completed,2026-03-28 09:38:00,2026-03-28 09:45:27,7.45
U-1183,bending,B-01,2026-03-28 10:25:27,2026-03-28 10:31:43,completed,2026-03-28 10:25:27,2026-03-28 10:31:43,6.266666666666667
U-1183,welding,W-01,2026-03-28 10:54:43,2026-03-28 11:04:49,completed,2026-03-28 10:54:43,2026-03-28 11:04:49,10.1
U-1184,laser_cutting,L-03,2026-03-28 10:22:00,2026-03-28 10:27:59,completed,2026-03-28 10:22:00,2026-03-28 10:27:59,5.983333333333333
U-1184,bending,B-01,2026-03-28 11:03:59,2026-03-28 11:11:10,completed,2026-03-28 11:03:59,2026-03-28 11:11:10,7.183333333333334
U-1184,welding,W-02,2026-03-28 11:44:10,2026-03-28 11:53:10,completed,2026-03-28 11:44:10,2026-03-28 11:53:10,9.0
U-1185,laser_cutting,L-02,2026-03-28 09:11:00,2026-03-28 09:16:53,completed,2026-03-28 09:11:00,2026-03-28 09:16:53,5.883333333333334
U-1185,bending,B-02,2026-03-28 09:29:53,2026-03-28 09:38:43,completed,2026-03-28 09:29:53,2026-03-28 09:38:43,8.833333333333334
U-1185,welding,W-01,2026-03-28 10:13:43,2026-03-28 10:23:10,completed,2026-03-28 10:13:43,2026-03-28 10:23:10,9.45
U-1186,laser_cutting,L-03,2026-03-28 08:22:00,2026-03-28 08:31:00,completed,2026-03-28 08:22:00,2026-03-28 08:31:00,9.0
U-1186,bending,B-01,2026-03-28 09:08:00,2026-03-28 09:15:21,completed,2026-03-28 09:08:00,2026-03-28 09:15:21,7.35
U-1186,welding,W-01,2026-03-28 09:29:21,2026-03-28 09:38:51,completed,2026-03-28 09:29:21,2026-03-28 09:38:51,9.5
U-1187,laser_cutting,L-01,2026-03-28 09:34:00,2026-03-28 09:43:26,completed,2026-03-28 09:34:00,2026-03-28 09:43:26,9.433333333333334
U-1187,bending,B-02,2026-03-28 09:53:26,2026-03-28 10:01:15,completed,2026-03-28 09:53:26,2026-03-28 10:01:15,7.816666666666666
U-1187,welding,W-02,2026-03-28 10:19:15,2026-03-28 10:29:03,completed,2026-03-28 10:19:15,2026-03-28 10:29:03,9.8
U-1188,laser_cutting,L-01,2026-03-28 10:10:00,2026-03-28 10:17:58,completed,2026-03-28 10:10:00,2026-03-28 10:17:58,7.966666666666667
U-1188,bending,B-01,2026-03-28 10:33:58,2026-03-28 10:43:21,completed,2026-03-28 10:33:58,2026-03-28 10:43:21,9.383333333333333
U-1188,welding,W-02,2026-03-28 11:25:21,2026-03-28 11:34:30,completed,2026-03-28 11:25:21,2026-03-28 11:34:30,9.15
U-1189,laser_cutting,L-03,2026-03-28 11:37:00,2026-03-28 11:45:30,completed,2026-03-28 11:37:00,2026-03-28 11:45:30,8.5
U-1189,bending,B-02,2026-03-28 12:13:30,2026-03-28 12:22:01,completed,2026-03-28 12:13:30,2026-03-28 12:22:01,8.516666666666667
U-1189,welding,W-01,2026-03-28 12:35:01,2026-03-28 12:45:26,completed,2026-03-28 12:35:01,2026-03-28 12:45:26,10.416666666666666
U-1190,laser_cutting,L-03,2026-03-28 10:43:00,2026-03-28 10:50:55,completed,2026-03-28 10:43:00,2026-03-28 10:50:55,7.916666666666667
U-1190,bending,B-01,2026-03-28 11:23:55,2026-03-28 11:30:37,completed,2026-03-28 11:23:55,2026-03-28 11:30:37,6.7
U-1190,welding,W-02,2026-03-28 12:00:37,2026-03-28 12:11:12,completed,2026-03-28 12:00:37,2026-03-28 12:11:12,10.583333333333334
U-1191,laser_cutting,L-01,2026-03-28 09:06:00,2026-03-28 09:16:03,completed,2026-03-28 09:06:00,2026-03-28 09:16:03,10.05
U-1191,bending,B-01,2026-03-28 09:47:03,2026-03-28 09:55:07,completed,2026-03-28 09:47:03,2026-03-28 09:55:07,8.066666666666666
U-1191,welding,W-01,2026-03-28 10:30:07,2026-03-28 10:39:42,completed,2026-03-28 10:30:07,2026-03-28 10:39:42,9.583333333333334
U-1192,laser_cutting,L-03,2026-03-28 10:00:00,2026-03-28 10:08:30,completed,2026-03-28 10:00:00,2026-03-28 10:08:30,8.5
U-1192,bending,B-01,2026-03-28 10:49:30,2026-03-28 10:55:57,completed,2026-03-28 10:49:30,2026-03-28 10:55:57,6.45
U-1192,welding,W-02,2026-03-28 11:24:57,2026-03-28 11:32:48,completed,2026-03-28 11:24:57,2026-03-28 11:32:48,7.85
U-1193,laser_cutting,L-01,2026-03-28 10:45:00,2026-03-28 10:50:23,completed,2026-03-28 10:45:00,2026-03-28 10:50:23,5.383333333333334
U-1193,bending,B-02,2026-03-28 11:38:23,2026-03-28 11:45:41,completed,2026-03-28 11:38:23,2026-03-28 11:45:41,7.3
U-1193,welding,W-02,2026-03-28 12:10:41,2026-03-28 12:20:57,completed,2026-03-28 12:10:41,2026-03-28 12:20:57,10.266666666666667
U-1194,laser_cutting,L-01,2026-03-28 09:36:00,2026-03-28 09:42:33,completed,2026-03-28 09:36:00,2026-03-28 09:42:33,6.55
U-1194,bending,B-01,2026-03-28 10:27:33,2026-03-28 10:35:02,completed,2026-03-28 10:27:33,2026-03-28 10:35:02,7.483333333333333
U-1194,welding,W-02,2026-03-28 11:14:02,2026-03-28 11:22:58,completed,2026-03-28 11:14:02,2026-03-28 11:22:58,8.933333333333334
U-1195,laser_cutting,L-01,2026-03-28 10:04:00,2026-03-28 10:10:11,completed,2026-03-28 10:04:00,2026-03-28 10:10:11,6.183333333333334
U-1195,bending,B-02,2026-03-28 10:37:11,2026-03-28 10:45:52,completed,2026-03-28 10:37:11,2026-03-28 10:45:52,8.683333333333334
U-1195,welding,W-02,2026-03-28 11:23:52,2026-03-28 11:32:48,completed,2026-03-28 11:23:52,2026-03-28 11:32:48,8.933333333333334
U-1196,laser_cutting,L-03,2026-03-28 09:00:00,2026-03-28 09:05:48,completed,2026-03-28 09:00:00,2026-03-28 09:05:48,5.8
U-1196,bending,B-02,2026-03-28 09:39:48,2026-03-28 09:48:48,completed,2026-03-28 09:39:48,2026-03-28 09:48:48,9.0
U-1196,welding,W-01,2026-03-28 10:07:48,2026-03-28 10:17:40,completed,2026-03-28 10:07:48,2026-03-28 10:17:40,9.866666666666667
U-1197,laser_cutting,L-03,2026-03-28 09:50:00,2026-03-28 10:01:29,completed,2026-03-28 09:50:00,2026-03-28 10:01:29,11.483333333333333
U-1197,bending,B-02,2026-03-28 10:41:29,2026-03-28 10:50:24,completed,2026-03-28 10:41:29,2026-03-28 10:50:24,8.916666666666666
U-1197,welding,W-02,2026-03-28 11:18:24,2026-03-28 11:29:40,completed,2026-03-28 11:18:24,2026-03-28 11:29:40,11.266666666666667
U-1198,laser_cutting,L-03,2026-03-28 09:50:00,2026-03-28 10:00:05,completed,2026-03-28 09:50:00,2026-03-28 10:00:05,10.083333333333334
U-1198,bending,B-02,2026-03-28 10:24:05,2026-03-28 10:33:45,completed,2026-03-28 10:24:05,2026-03-28 10:33:45,9.666666666666666
U-1198,welding,W-02,2026-03-28 10:57:45,2026-03-28 11:10:52,completed,2026-03-28 10:57:45,2026-03-28 11:10:52,13.116666666666667
U-1199,laser_cutting,L-01,2026-03-28 10:57:00,2026-03-28 11:05:28,completed,2026-03-28 10:57:00,2026-03-28 11:05:28,8.466666666666667
U-1199,bending,B-01,2026-03-28 11:23:28,2026-03-28 11:32:06,completed,2026-03-28 11:23:28,2026-03-28 11:32:06,8.633333333333333
U-1199,welding,W-02,2026-03-28 12:10:06,2026-03-28 12:21:10,completed,2026-03-28 12:10:06,2026-03-28 12:21:10,11.066666666666666
U-1200,laser_cutting,L-03,2026-03-28 10:03:00,2026-03-28 10:09:46,completed,2026-03-28 10:03:00,2026-03-28 10:09:46,6.766666666666667
U-1200,bending,B-01,2026-03-28 10:37:46,2026-03-28 10:46:20,completed,2026-03-28 10:37:46,2026-03-28 10:46:20,8.566666666666666
U-1200,welding,W-02,2026-03-28 11:01:20,2026-03-28 11:15:43,completed,2026-03-28 11:01:20,2026-03-28 11:15:43,14.383333333333333
U-1201,laser_cutting,L-01,2026-03-28 08:32:00,2026-03-28 08:37:19,completed,2026-03-28 08:32:00,2026-03-28 08:37:19,5.316666666666666
U-1201,bending,B-02,2026-03-28 09:13:19,2026-03-28 09:18:38,completed,2026-03-28 09:13:19,2026-03-28 09:18:38,5.316666666666666
U-1201,welding,W-02,2026-03-28 10:01:38,2026-03-28 10:11:36,completed,2026-03-28 10:01:38,2026-03-28 10:11:36,9.966666666666667
U-1202,laser_cutting,L-02,2026-03-28 09:21:00,2026-03-28 09:28:43,completed,2026-03-28 09:21:00,2026-03-28 09:28:43,7.716666666666667
U-1202,bending,B-01,2026-03-28 10:01:43,2026-03-28 10:08:12,completed,2026-03-28 10:01:43,2026-03-28 10:08:12,6.483333333333333
U-1202,welding,W-02,2026-03-28 10:46:12,2026-03-28 10:56:00,completed,2026-03-28 10:46:12,2026-03-28 10:56:00,9.8
U-1203,laser_cutting,L-03,2026-03-28 08:38:00,2026-03-28 08:44:09,completed,2026-03-28 08:38:00,2026-03-28 08:44:09,6.15
U-1203,bending,B-01,2026-03-28 09:24:09,2026-03-28 09:31:48,completed,2026-03-28 09:24:09,2026-03-28 09:31:48,7.65
U-1203,welding,W-01,2026-03-28 10:09:48,2026-03-28 10:20:06,completed,2026-03-28 10:09:48,2026-03-28 10:20:06,10.3
U-1204,laser_cutting,L-02,2026-03-28 11:03:00,2026-03-28 11:10:27,completed,2026-03-28 11:03:00,2026-03-28 11:10:27,7.45
U-1204,bending,B-02,2026-03-28 11:36:27,2026-03-28 11:43:57,completed,2026-03-28 11:36:27,2026-03-28 11:43:57,7.5
U-1204,welding,W-01,2026-03-28 12:06:57,2026-03-28 12:15:27,completed,2026-03-28 12:06:57,2026-03-28 12:15:27,8.5
U-1205,laser_cutting,L-02,2026-03-28 11:26:00,2026-03-28 11:34:52,completed,2026-03-28 11:26:00,2026-03-28 11:34:52,8.866666666666667
U-1205,bending,B-01,2026-03-28 12:06:52,2026-03-28 12:13:34,completed,2026-03-28 12:06:52,2026-03-28 12:13:34,6.7
U-1205,welding,W-02,2026-03-28 12:30:34,2026-03-28 12:39:33,completed,2026-03-28 12:30:34,2026-03-28 12:39:33,8.983333333333333
U-1206,laser_cutting,L-01,2026-03-28 11:21:00,2026-03-28 11:29:14,completed,2026-03-28 11:21:00,2026-03-28 11:29:14,8.233333333333333
U-1206,bending,B-02,2026-03-28 11:50:14,2026-03-28 11:57:54,completed,2026-03-28 11:50:14,2026-03-28 11:57:54,7.666666666666667
U-1206,welding,W-02,2026-03-28 12:20:54,2026-03-28 12:32:13,completed,2026-03-28 12:20:54,2026-03-28 12:32:13,11.316666666666666
U-1207,laser_cutting,L-01,2026-03-28 09:07:00,2026-03-28 09:12:30,completed,2026-03-28 09:07:00,2026-03-28 09:12:30,5.5
U-1207,bending,B-01,2026-03-28 09:47:30,2026-03-28 09:56:06,completed,2026-03-28 09:47:30,2026-03-28 09:56:06,8.6
U-1207,welding,W-01,2026-03-28 10:25:06,2026-03-28 10:33:54,completed,2026-03-28 10:25:06,2026-03-28 10:33:54,8.8
U-1208,laser_cutting,L-01,2026-03-28 09:54:00,2026-03-28 10:01:45,completed,2026-03-28 09:54:00,2026-03-28 10:01:45,7.75
U-1208,bending,B-02,2026-03-28 10:13:45,2026-03-28 10:20:09,completed,2026-03-28 10:13:45,2026-03-28 10:20:09,6.4
U-1208,welding,W-02,2026-03-28 10:52:09,2026-03-28 11:01:46,completed,2026-03-28 10:52:09,2026-03-28 11:01:46,9.616666666666667
U-1209,laser_cutting,L-03,2026-03-28 09:17:00,2026-03-28 09:22:10,completed,2026-03-28 09:17:00,2026-03-28 09:22:10,5.166666666666667
U-1209,bending,B-02,2026-03-28 09:37:10,2026-03-28 09:44:08,completed,2026-03-28 09:37:10,2026-03-28 09:44:08,6.966666666666667
U-1209,welding,W-02,2026-03-28 10:23:08,2026-03-28 10:31:54,completed,2026-03-28 10:23:08,2026-03-28 10:31:54,8.766666666666667
U-1210,laser_cutting,L-02,2026-03-28 10:44:00,2026-03-28 10:50:09,completed,2026-03-28 10:44:00,2026-03-28 10:50:09,6.15
U-1210,bending,B-01,2026-03-28 11:10:09,2026-03-28 11:17:01,completed,2026-03-28 11:10:09,2026-03-28 11:17:01,6.866666666666666
U-1210,welding,W-02,2026-03-28 11:56:01,2026-03-28 12:04:34,completed,2026-03-28 11:56:01,2026-03-28 12:04:34,8.55
U-1211,laser_cutting,L-02,2026-03-28 08:50:00,2026-03-28 08:56:57,completed,2026-03-28 08:50:00,2026-03-28 08:56:57,6.95
U-1211,bending,B-02,2026-03-28 09:17:57,2026-03-28 09:27:14,completed,2026-03-28 09:17:57,2026-03-28 09:27:14,9.283333333333333
U-1211,welding,W-02,2026-03-28 10:03:14,2026-03-28 10:13:31,completed,2026-03-28 10:03:14,2026-03-28 10:13:31,10.283333333333333
U-1212,laser_cutting,L-02,2026-03-28 11:30:00,2026-03-28 11:35:16,completed,2026-03-28 11:30:00,2026-03-28 11:35:16,5.266666666666667
U-1212,bending,B-01,2026-03-28 12:05:16,2026-03-28 12:09:49,completed,2026-03-28 12:05:16,2026-03-28 12:09:49,4.55
U-1212,welding,W-02,2026-03-28 12:30:49,2026-03-28 12:40:09,completed,2026-03-28 12:30:49,2026-03-28 12:40:09,9.333333333333334
U-1213,laser_cutting,L-03,2026-03-28 09:04:00,2026-03-28 09:10:40,completed,2026-03-28 09:04:00,2026-03-28 09:10:40,6.666666666666667
U-1213,bending,B-01,2026-03-28 09:41:40,2026-03-28 09:49:14,completed,2026-03-28 09:41:40,2026-03-28 09:49:14,7.566666666666666
U-1213,welding,W-02,2026-03-28 10:23:14,2026-03-28 10:32:27,completed,2026-03-28 10:23:14,2026-03-28 10:32:27,9.216666666666667
U-1214,laser_cutting,L-01,2026-03-28 08:44:00,2026-03-28 08:51:36,completed,2026-03-28 08:44:00,2026-03-28 08:51:36,7.6
U-1214,bending,B-01,2026-03-28 09:20:36,2026-03-28 09:28:04,completed,2026-03-28 09:20:36,2026-03-28 09:28:04,7.466666666666667
U-1214,welding,W-02,2026-03-28 10:01:04,2026-03-28 10:10:10,completed,2026-03-28 10:01:04,2026-03-28 10:10:10,9.1
U-1215,laser_cutting,L-03,2026-03-28 09:07:00,2026-03-28 09:13:37,completed,2026-03-28 09:07:00,2026-03-28 09:13:37,6.616666666666666
U-1215,bending,B-02,2026-03-28 10:01:37,2026-03-28 10:08:51,completed,2026-03-28 10:01:37,2026-03-28 10:08:51,7.233333333333333
U-1215,welding,W-01,2026-03-28 10:49:51,2026-03-28 11:00:29,completed,2026-03-28 10:49:51,2026-03-28 11:00:29,10.633333333333333
U-1216,laser_cutting,L-03,2026-03-28 08:38:00,2026-03-28 08:45:39,completed,2026-03-28 08:38:00,2026-03-28 08:45:39,7.65
U-1216,bending,B-01,2026-03-28 09:20:39,2026-03-28 09:29:57,completed,2026-03-28 09:20:39,2026-03-28 09:29:57,9.3
U-1216,welding,W-01,2026-03-28 09:46:57,2026-03-28 09:57:15,completed,2026-03-28 09:46:57,2026-03-28 09:57:15,10.3
U-1217,laser_cutting,L-02,2026-03-28 08:19:00,2026-03-28 08:27:22,completed,2026-03-28 08:19:00,2026-03-28 08:27:22,8.366666666666667
U-1217,bending,B-02,2026-03-28 08:53:22,2026-03-28 08:59:52,completed,2026-03-28 08:53:22,2026-03-28 08:59:52,6.5
U-1217,welding,W-01,2026-03-28 09:16:52,2026-03-28 09:27:55,completed,2026-03-28 09:16:52,2026-03-28 09:27:55,11.05
U-1218,laser_cutting,L-02,2026-03-28 11:33:00,2026-03-28 11:38:52,completed,2026-03-28 11:33:00,2026-03-28 11:38:52,5.866666666666666
U-1218,bending,B-01,2026-03-28 12:12:52,2026-03-28 12:19:28,completed,2026-03-28 12:12:52,2026-03-28 12:19:28,6.6
U-1218,welding,W-01,2026-03-28 12:36:28,2026-03-28 12:47:51,completed,2026-03-28 12:36:28,2026-03-28 12:47:51,11.383333333333333
U-1219,laser_cutting,L-01,2026-03-28 10:05:00,2026-03-28 10:14:07,completed,2026-03-28 10:05:00,2026-03-28 10:14:07,9.116666666666667
U-1219,bending,B-01,2026-03-28 10:39:07,2026-03-28 10:44:57,completed,2026-03-28 10:39:07,2026-03-28 10:44:57,5.833333333333333
U-1219,welding,W-01,2026-03-28 11:26:57,2026-03-28 11:36:31,completed,2026-03-28 11:26:57,2026-03-28 11:36:31,9.566666666666666
U-1220,laser_cutting,L-03,2026-03-28 10:17:00,2026-03-28 10:23:28,completed,2026-03-28 10:17:00,2026-03-28 10:23:28,6.466666666666667
U-1220,bending,B-01,2026-03-28 10:53:28,2026-03-28 11:02:02,completed,2026-03-28 10:53:28,2026-03-28 11:02:02,8.566666666666666
U-1220,welding,W-01,2026-03-28 11:28:02,2026-03-28 11:37:48,completed,2026-03-28 11:28:02,2026-03-28 11:37:48,9.766666666666667
U-1221,laser_cutting,L-01,2026-03-28 09:33:00,2026-03-28 09:40:55,completed,2026-03-28 09:33:00,2026-03-28 09:40:55,7.916666666666667
U-1221,bending,B-01,2026-03-28 10:30:55,2026-03-28 10:39:33,completed,2026-03-28 10:30:55,2026-03-28 10:39:33,8.633333333333333
U-1221,welding,W-01,2026-03-28 11:19:33,2026-03-28 11:25:25,completed,2026-03-28 11:19:33,2026-03-28 11:25:25,5.866666666666666
U-1222,laser_cutting,L-01,2026-03-28 08:43:00,2026-03-28 08:52:02,completed,2026-03-28 08:43:00,2026-03-28 08:52:02,9.033333333333333
U-1222,bending,B-01,2026-03-28 09:04:02,2026-03-28 09:13:44,completed,2026-03-28 09:04:02,2026-03-28 09:13:44,9.7
U-1222,welding,W-02,2026-03-28 09:28:44,2026-03-28 09:39:34,completed,2026-03-28 09:28:44,2026-03-28 09:39:34,10.833333333333334
U-1223,laser_cutting,L-03,2026-03-28 09:11:00,2026-03-28 09:15:18,completed,2026-03-28 09:11:00,2026-03-28 09:15:18,4.3
U-1223,bending,B-02,2026-03-28 09:41:18,2026-03-28 09:49:28,completed,2026-03-28 09:41:18,2026-03-28 09:49:28,8.166666666666666
U-1223,welding,W-02,2026-03-28 10:16:28,2026-03-28 10:24:53,completed,2026-03-28 10:16:28,2026-03-28 10:24:53,8.416666666666666
U-1224,laser_cutting,L-01,2026-03-28 11:08:00,2026-03-28 11:14:07,completed,2026-03-28 11:08:00,2026-03-28 11:14:07,6.116666666666666
U-1224,bending,B-02,2026-03-28 11:56:07,2026-03-28 12:03:36,completed,2026-03-28 11:56:07,2026-03-28 12:03:36,7.483333333333333
U-1224,welding,W-02,2026-03-28 12:37:36,2026-03-28 12:45:34,completed,2026-03-28 12:37:36,2026-03-28 12:45:34,7.966666666666667
U-1225,laser_cutting,L-02,2026-03-28 10:43:00,2026-03-28 10:49:28,completed,2026-03-28 10:43:00,2026-03-28 10:49:28,6.466666666666667
U-1225,bending,B-01,2026-03-28 11:23:28,2026-03-28 11:30:21,completed,2026-03-28 11:23:28,2026-03-28 11:30:21,6.883333333333334
U-1225,welding,W-01,2026-03-28 12:10:21,2026-03-28 12:20:56,completed,2026-03-28 12:10:21,2026-03-28 12:20:56,10.583333333333334
U-1226,laser_cutting,L-01,2026-03-28 09:42:00,2026-03-28 09:47:27,completed,2026-03-28 09:42:00,2026-03-28 09:47:27,5.45
U-1226,bending,B-01,2026-03-28 10:23:27,2026-03-28 10:31:13,completed,2026-03-28 10:23:27,2026-03-28 10:31:13,7.766666666666667
U-1226,welding,W-01,2026-03-28 11:08:13,2026-03-28 11:17:12,completed,2026-03-28 11:08:13,2026-03-28 11:17:12,8.983333333333333
U-1227,laser_cutting,L-03,2026-03-28 10:32:00,2026-03-28 10:38:09,completed,2026-03-28 10:32:00,2026-03-28 10:38:09,6.15
U-1227,bending,B-01,2026-03-28 11:00:09,2026-03-28 11:08:36,completed,2026-03-28 11:00:09,2026-03-28 11:08:36,8.45
U-1227,welding,W-01,2026-03-28 11:24:36,2026-03-28 11:34:26,completed,2026-03-28 11:24:36,2026-03-28 11:34:26,9.833333333333334
U-1228,laser_cutting,L-02,2026-03-28 08:30:00,2026-03-28 08:36:33,completed,2026-03-28 08:30:00,2026-03-28 08:36:33,6.55
U-1228,bending,B-01,2026-03-28 09:10:33,2026-03-28 09:20:39,completed,2026-03-28 09:10:33,2026-03-28 09:20:39,10.1
U-1228,welding,W-01,2026-03-28 09:36:39,2026-03-28 09:47:27,completed,2026-03-28 09:36:39,2026-03-28 09:47:27,10.8
U-1229,laser_cutting,L-03,2026-03-28 10:15:00,2026-03-28 10:24:09,completed,2026-03-28 10:15:00,2026-03-28 10:24:09,9.15
U-1229,bending,B-01,2026-03-28 10:46:09,2026-03-28 10:52:27,completed,2026-03-28 10:46:09,2026-03-28 10:52:27,6.3
U-1229,welding,W-02,2026-03-28 11:22:27,2026-03-28 11:31:02,completed,2026-03-28 11:22:27,2026-03-28 11:31:02,8.583333333333334
U-1230,laser_cutting,L-03,2026-03-28 08:25:00,2026-03-28 08:31:34,completed,2026-03-28 08:25:00,2026-03-28 08:31:34,6.566666666666666
U-1230,bending,B-02,2026-03-28 08:58:34,2026-03-28 09:06:33,completed,2026-03-28 08:58:34,2026-03-28 09:06:33,7.983333333333333
U-1230,welding,W-02,2026-03-28 09:49:33,2026-03-28 10:00:36,completed,2026-03-28 09:49:33,2026-03-28 10:00:36,11.05
U-1231,laser_cutting,L-01,2026-03-28 09:10:00,2026-03-28 09:17:31,completed,2026-03-28 09:10:00,2026-03-28 09:17:31,7.516666666666667
U-1231,bending,B-02,2026-03-28 09:45:31,2026-03-28 09:53:06,completed,2026-03-28 09:45:31,2026-03-28 09:53:06,7.583333333333333
U-1231,welding,W-02,2026-03-28 10:29:06,2026-03-28 10:40:43,completed,2026-03-28 10:29:06,2026-03-28 10:40:43,11.616666666666667
U-1232,laser_cutting,L-03,2026-03-28 08:43:00,2026-03-28 08:52:46,completed,2026-03-28 08:43:00,2026-03-28 08:52:46,9.766666666666667
U-1232,bending,B-02,2026-03-28 09:15:46,2026-03-28 09:25:25,completed,2026-03-28 09:15:46,2026-03-28 09:25:25,9.65
U-1232,welding,W-02,2026-03-28 10:12:25,2026-03-28 10:25:02,completed,2026-03-28 10:12:25,2026-03-28 10:25:02,12.616666666666667
U-1233,laser_cutting,L-02,2026-03-28 08:59:00,2026-03-28 09:05:08,completed,2026-03-28 08:59:00,2026-03-28 09:05:08,6.133333333333334
U-1233,bending,B-01,2026-03-28 09:23:08,2026-03-28 09:29:34,completed,2026-03-28 09:23:08,2026-03-28 09:29:34,6.433333333333334
U-1233,welding,W-02,2026-03-28 10:00:34,2026-03-28 10:10:19,completed,2026-03-28 10:00:34,2026-03-28 10:10:19,9.75
U-1234,laser_cutting,L-02,2026-03-28 11:13:00,2026-03-28 11:18:18,completed,2026-03-28 11:13:00,2026-03-28 11:18:18,5.3
U-1234,bending,B-01,2026-03-28 12:05:18,2026-03-28 12:13:40,completed,2026-03-28 12:05:18,2026-03-28 12:13:40,8.366666666666667
U-1234,welding,W-01,2026-03-28 12:46:40,2026-03-28 12:56:26,completed,2026-03-28 12:46:40,2026-03-28 12:56:26,9.766666666666667
U-1235,laser_cutting,L-02,2026-03-28 11:04:00,2026-03-28 11:08:48,completed,2026-03-28 11:04:00,2026-03-28 11:08:48,4.8
U-1235,bending,B-02,2026-03-28 11:32:48,2026-03-28 11:40:58,completed,2026-03-28 11:32:48,2026-03-28 11:40:58,8.166666666666666
U-1235,welding,W-01,2026-03-28 12:12:58,2026-03-28 12:24:01,completed,2026-03-28 12:12:58,2026-03-28 12:24:01,11.05
U-1236,laser_cutting,L-01,2026-03-28 10:51:00,2026-03-28 10:57:16,completed,2026-03-28 10:51:00,2026-03-28 10:57:16,6.266666666666667
U-1236,bending,B-01,2026-03-28 11:30:16,2026-03-28 11:37:03,completed,2026-03-28 11:30:16,2026-03-28 11:37:03,6.783333333333333
U-1236,welding,W-02,2026-03-28 11:59:03,2026-03-28 12:07:46,completed,2026-03-28 11:59:03,2026-03-28 12:07:46,8.716666666666667
U-1237,laser_cutting,L-02,2026-03-28 09:56:00,2026-03-28 10:03:04,completed,2026-03-28 09:56:00,2026-03-28 10:03:04,7.066666666666666
U-1237,bending,B-01,2026-03-28 10:38:04,2026-03-28 10:48:05,completed,2026-03-28 10:38:04,2026-03-28 10:48:05,10.016666666666667
U-1237,welding,W-01,2026-03-28 11:32:05,2026-03-28 11:42:39,completed,2026-03-28 11:32:05,2026-03-28 11:42:39,10.566666666666666
U-1238,laser_cutting,L-01,2026-03-28 10:55:00,2026-03-28 11:00:52,completed,2026-03-28 10:55:00,2026-03-28 11:00:52,5.866666666666666
U-1238,bending,B-01,2026-03-28 11:35:52,2026-03-28 11:43:42,completed,2026-03-28 11:35:52,2026-03-28 11:43:42,7.833333333333333
U-1238,welding,W-01,2026-03-28 12:06:42,2026-03-28 12:16:22,completed,2026-03-28 12:06:42,2026-03-28 12:16:22,9.666666666666666
U-1239,laser_cutting,L-02,2026-03-28 10:16:00,2026-03-28 10:23:08,completed,2026-03-28 10:16:00,2026-03-28 10:23:08,7.133333333333334
U-1239,bending,B-01,2026-03-28 11:04:08,2026-03-28 11:11:04,completed,2026-03-28 11:04:08,2026-03-28 11:11:04,6.933333333333334
U-1239,welding,W-01,2026-03-28 11:29:04,2026-03-28 11:39:24,completed,2026-03-28 11:29:04,2026-03-28 11:39:24,10.333333333333334
U-1240,laser_cutting,L-03,2026-03-28 10:03:00,2026-03-28 10:09:00,completed,2026-03-28 10:03:00,2026-03-28 10:09:00,6.0
U-1240,bending,B-02,2026-03-28 10:26:00,2026-03-28 10:33:37,completed,2026-03-28 10:26:00,2026-03-28 10:33:37,7.616666666666666
U-1240,welding,W-01,2026-03-28 11:05:37,2026-03-28 11:15:41,completed,2026-03-28 11:05:37,2026-03-28 11:15:41,10.066666666666666
U-1241,laser_cutting,L-01,2026-03-28 08:43:00,2026-03-28 08:49:55,completed,2026-03-28 08:43:00,2026-03-28 08:49:55,6.916666666666667
U-1241,bending,B-02,2026-03-28 09:29:55,2026-03-28 09:38:02,completed,2026-03-28 09:29:55,2026-03-28 09:38:02,8.116666666666667
U-1241,welding,W-01,2026-03-28 10:04:02,2026-03-28 10:15:10,completed,2026-03-28 10:04:02,2026-03-28 10:15:10,11.133333333333333
U-1242,laser_cutting,L-01,2026-03-28 10:12:00,2026-03-28 10:18:57,completed,2026-03-28 10:12:00,2026-03-28 10:18:57,6.95
U-1242,bending,B-01,2026-03-28 10:32:57,2026-03-28 10:41:36,completed,2026-03-28 10:32:57,2026-03-28 10:41:36,8.65
U-1242,welding,W-01,2026-03-28 11:26:36,2026-03-28 11:40:03,completed,2026-03-28 11:26:36,2026-03-28 11:40:03,13.45
U-1243,laser_cutting,L-02,2026-03-28 08:43:00,2026-03-28 08:51:28,completed,2026-03-28 08:43:00,2026-03-28 08:51:28,8.466666666666667
U-1243,bending,B-01,2026-03-28 09:30:28,2026-03-28 09:36:35,completed,2026-03-28 09:30:28,2026-03-28 09:36:35,6.116666666666666
U-1243,welding,W-02,2026-03-28 10:15:35,2026-03-28 10:28:30,completed,2026-03-28 10:15:35,2026-03-28 10:28:30,12.916666666666666
U-1244,laser_cutting,L-02,2026-03-28 08:27:00,2026-03-28 08:34:13,completed,2026-03-28 08:27:00,2026-03-28 08:34:13,7.216666666666667
U-1244,bending,B-02,2026-03-28 08:49:13,2026-03-28 08:55:34,completed,2026-03-28 08:49:13,2026-03-28 08:55:34,6.35
U-1244,welding,W-02,2026-03-28 09:43:34,2026-03-28 09:52:22,completed,2026-03-28 09:43:34,2026-03-28 09:52:22,8.8
U-1245,laser_cutting,L-03,2026-03-28 10:38:00,2026-03-28 10:45:47,completed,2026-03-28 10:38:00,2026-03-28 10:45:47,7.783333333333333
U-1245,bending,B-02,2026-03-28 11:15:47,2026-03-28 11:23:18,completed,2026-03-28 11:15:47,2026-03-28 11:23:18,7.516666666666667
U-1245,welding,W-02,2026-03-28 11:43:18,2026-03-28 11:51:52,completed,2026-03-28 11:43:18,2026-03-28 11:51:52,8.566666666666666
U-1246,laser_cutting,L-02,2026-03-28 11:21:00,2026-03-28 11:28:06,completed,2026-03-28 11:21:00,2026-03-28 11:28:06,7.1
U-1246,bending,B-02,2026-03-28 12:03:06,2026-03-28 12:13:01,completed,2026-03-28 12:03:06,2026-03-28 12:13:01,9.916666666666666
U-1246,welding,W-01,2026-03-28 12:45:01,2026-03-28 12:54:52,completed,2026-03-28 12:45:01,2026-03-28 12:54:52,9.85
U-1247,laser_cutting,L-01,2026-03-28 09:15:00,2026-03-28 09:23:18,completed,2026-03-28 09:15:00,2026-03-28 09:23:18,8.3
U-1247,bending,B-02,2026-03-28 09:51:18,2026-03-28 09:59:42,completed,2026-03-28 09:51:18,2026-03-28 09:59:42,8.4
U-1247,welding,W-01,2026-03-28 10:46:42,2026-03-28 10:57:56,completed,2026-03-28 10:46:42,2026-03-28 10:57:56,11.233333333333333
U-1248,laser_cutting,L-02,2026-03-28 10:00:00,2026-03-28 10:10:01,completed,2026-03-28 10:00:00,2026-03-28 10:10:01,10.016666666666667
U-1248,bending,B-01,2026-03-28 10:30:01,2026-03-28 10:38:49,completed,2026-03-28 10:30:01,2026-03-28 10:38:49,8.8
U-1248,welding,W-02,2026-03-28 10:55:49,2026-03-28 11:05:45,completed,2026-03-28 10:55:49,2026-03-28 11:05:45,9.933333333333334
U-1249,laser_cutting,L-03,2026-03-28 10:37:00,2026-03-28 10:43:59,completed,2026-03-28 10:37:00,2026-03-28 10:43:59,6.983333333333333
U-1249,bending,B-02,2026-03-28 11:10:59,2026-03-28 11:19:28,completed,2026-03-28 11:10:59,2026-03-28 11:19:28,8.483333333333333
U-1249,welding,W-01,2026-03-28 11:44:28,2026-03-28 11:53:37,completed,2026-03-28 11:44:28,2026-03-28 11:53:37,9.15
U-1250,laser_cutting,L-03,2026-03-28 10:27:00,2026-03-28 10:34:40,completed,2026-03-28 10:27:00,2026-03-28 10:34:40,7.666666666666667
U-1250,bending,B-01,2026-03-28 11:13:40,2026-03-28 11:23:19,completed,2026-03-28 11:13:40,2026-03-28 11:23:19,9.65
U-1250,welding,W-01,2026-03-28 11:44:19,2026-03-28 11:54:15,completed,2026-03-28 11:44:19,2026-03-28 11:54:15,9.933333333333334
U-1251,laser_cutting,L-02,2026-03-28 08:48:00,2026-03-28 08:51:52,completed,2026-03-28 08:48:00,2026-03-28 08:51:52,3.8666666666666667
U-1251,bending,B-02,2026-03-28 09:22:52,2026-03-28 09:30:59,completed,2026-03-28 09:22:52,2026-03-28 09:30:59,8.116666666666667
U-1251,welding,W-01,2026-03-28 10:03:59,2026-03-28 10:11:54,completed,2026-03-28 10:03:59,2026-03-28 10:11:54,7.916666666666667
U-1252,laser_cutting,L-03,2026-03-28 09:43:00,2026-03-28 09:50:38,completed,2026-03-28 09:43:00,2026-03-28 09:50:38,7.633333333333334
U-1252,bending,B-02,2026-03-28 10:08:38,2026-03-28 10:17:58,completed,2026-03-28 10:08:38,2026-03-28 10:17:58,9.333333333333334
U-1252,welding,W-01,2026-03-28 10:44:58,2026-03-28 10:54:37,completed,2026-03-28 10:44:58,2026-03-28 10:54:37,9.65
U-1253,laser_cutting,L-01,2026-03-28 09:24:00,2026-03-28 09:30:45,completed,2026-03-28 09:24:00,2026-03-28 09:30:45,6.75
U-1253,bending,B-01,2026-03-28 09:48:45,2026-03-28 09:57:42,completed,2026-03-28 09:48:45,2026-03-28 09:57:42,8.95
U-1253,welding,W-02,2026-03-28 10:24:42,2026-03-28 10:34:48,completed,2026-03-28 10:24:42,2026-03-28 10:34:48,10.1
U-1254,laser_cutting,L-01,2026-03-28 10:44:00,2026-03-28 10:50:39,completed,2026-03-28 10:44:00,2026-03-28 10:50:39,6.65
U-1254,bending,B-02,2026-03-28 11:18:39,2026-03-28 11:27:52,completed,2026-03-28 11:18:39,2026-03-28 11:27:52,9.216666666666667
U-1254,welding,W-01,2026-03-28 12:00:52,2026-03-28 12:10:09,completed,2026-03-28 12:00:52,2026-03-28 12:10:09,9.283333333333333
U-1255,laser_cutting,L-02,2026-03-28 09:49:00,2026-03-28 09:57:21,completed,2026-03-28 09:49:00,2026-03-28 09:57:21,8.35
U-1255,bending,B-01,2026-03-28 10:42:21,2026-03-28 10:49:22,completed,2026-03-28 10:42:21,2026-03-28 10:49:22,7.016666666666667
U-1255,welding,W-01,2026-03-28 11:06:22,2026-03-28 11:15:21,completed,2026-03-28 11:06:22,2026-03-28 11:15:21,8.983333333333333
U-1256,laser_cutting,L-02,2026-03-28 11:00:00,2026-03-28 11:06:19,completed,2026-03-28 11:00:00,2026-03-28 11:06:19,6.316666666666666
U-1256,bending,B-02,2026-03-28 11:41:19,2026-03-28 11:49:39,completed,2026-03-28 11:41:19,2026-03-28 11:49:39,8.333333333333334
U-1256,welding,W-01,2026-03-28 12:33:39,2026-03-28 12:44:19,completed,2026-03-28 12:33:39,2026-03-28 12:44:19,10.666666666666666
U-1257,laser_cutting,L-03,2026-03-28 08:33:00,2026-03-28 08:40:53,completed,2026-03-28 08:33:00,2026-03-28 08:40:53,7.883333333333334
U-1257,bending,B-01,2026-03-28 09:01:53,2026-03-28 09:08:33,completed,2026-03-28 09:01:53,2026-03-28 09:08:33,6.666666666666667
U-1257,welding,W-02,2026-03-28 09:39:33,2026-03-28 09:51:23,completed,2026-03-28 09:39:33,2026-03-28 09:51:23,11.833333333333334
U-1258,laser_cutting,L-01,2026-03-28 10:36:00,2026-03-28 10:45:55,completed,2026-03-28 10:36:00,2026-03-28 10:45:55,9.916666666666666
U-1258,bending,B-01,2026-03-28 11:05:55,2026-03-28 11:15:10,completed,2026-03-28 11:05:55,2026-03-28 11:15:10,9.25
U-1258,welding,W-01,2026-03-28 11:43:10,2026-03-28 11:55:54,completed,2026-03-28 11:43:10,2026-03-28 11:55:54,12.733333333333333
U-1259,laser_cutting,L-02,2026-03-28 09:18:00,2026-03-28 09:25:33,completed,2026-03-28 09:18:00,2026-03-28 09:25:33,7.55
U-1259,bending,B-01,2026-03-28 09:57:33,2026-03-28 10:07:20,completed,2026-03-28 09:57:33,2026-03-28 10:07:20,9.783333333333333
U-1259,welding,W-02,2026-03-28 10:32:20,2026-03-28 10:43:33,completed,2026-03-28 10:32:20,2026-03-28 10:43:33,11.216666666666667
U-1260,laser_cutting,L-03,2026-03-28 09:28:00,2026-03-28 09:32:54,completed,2026-03-28 09:28:00,2026-03-28 09:32:54,4.9
U-1260,bending,B-01,2026-03-28 09:57:54,2026-03-28 10:05:33,completed,2026-03-28 09:57:54,2026-03-28 10:05:33,7.65
U-1260,welding,W-02,2026-03-28 10:28:33,2026-03-28 10:37:49,completed,2026-03-28 10:28:33,2026-03-28 10:37:49,9.266666666666667
U-1261,laser_cutting,L-02,2026-03-28 09:31:00,2026-03-28 09:38:43,completed,2026-03-28 09:31:00,2026-03-28 09:38:43,7.716666666666667
U-1261,bending,B-01,2026-03-28 10:06:43,2026-03-28 10:11:19,completed,2026-03-28 10:06:43,2026-03-28 10:11:19,4.6
U-1261,welding,W-02,2026-03-28 10:36:19,2026-03-28 10:46:04,completed,2026-03-28 10:36:19,2026-03-28 10:46:04,9.75
U-1262,laser_cutting,L-01,2026-03-28 09:28:00,2026-03-28 09:34:47,completed,2026-03-28 09:28:00,2026-03-28 09:34:47,6.783333333333333
U-1262,bending,B-01,2026-03-28 10:13:47,2026-03-28 10:23:29,completed,2026-03-28 10:13:47,2026-03-28 10:23:29,9.7
U-1262,welding,W-02,2026-03-28 10:56:29,2026-03-28 11:02:25,completed,2026-03-28 10:56:29,2026-03-28 11:02:25,5.933333333333334
U-1263,laser_cutting,L-01,2026-03-28 09:42:00,2026-03-28 09:48:46,completed,2026-03-28 09:42:00,2026-03-28 09:48:46,6.766666666666667
U-1263,bending,B-01,2026-03-28 10:29:46,2026-03-28 10:37:17,completed,2026-03-28 10:29:46,2026-03-28 10:37:17,7.516666666666667
U-1263,welding,W-01,2026-03-28 11:10:17,2026-03-28 11:21:51,completed,2026-03-28 11:10:17,2026-03-28 11:21:51,11.566666666666666
U-1264,laser_cutting,L-03,2026-03-28 10:09:00,2026-03-28 10:17:45,completed,2026-03-28 10:09:00,2026-03-28 10:17:45,8.75
U-1264,bending,B-01,2026-03-28 10:42:45,2026-03-28 10:50:52,completed,2026-03-28 10:42:45,2026-03-28 10:50:52,8.116666666666667
U-1264,welding,W-01,2026-03-28 11:34:52,2026-03-28 11:42:28,completed,2026-03-28 11:34:52,2026-03-28 11:42:28,7.6
U-1265,laser_cutting,L-02,2026-03-28 10:53:00,2026-03-28 11:01:13,completed,2026-03-28 10:53:00,2026-03-28 11:01:13,8.216666666666667
U-1265,bending,B-02,2026-03-28 11:25:13,2026-03-28 11:31:45,completed,2026-03-28 11:25:13,2026-03-28 11:31:45,6.533333333333333
U-1265,welding,W-02,2026-03-28 12:07:45,2026-03-28 12:19:15,completed,2026-03-28 12:07:45,2026-03-28 12:19:15,11.5
U-1266,laser_cutting,L-02,2026-03-28 09:57:00,2026-03-28 10:02:30,completed,2026-03-28 09:57:00,2026-03-28 10:02:30,5.5
U-1266,bending,B-01,2026-03-28 10:35:30,2026-03-28 10:43:04,completed,2026-03-28 10:35:30,2026-03-28 10:43:04,7.566666666666666
U-1266,welding,W-02,2026-03-28 10:57:04,2026-03-28 11:08:25,completed,2026-03-28 10:57:04,2026-03-28 11:08:25,11.35
U-1267,laser_cutting,L-02,2026-03-28 09:43:00,2026-03-28 09:48:33,completed,2026-03-28 09:43:00,2026-03-28 09:48:33,5.55
U-1267,bending,B-01,2026-03-28 10:30:33,2026-03-28 10:36:15,completed,2026-03-28 10:30:33,2026-03-28 10:36:15,5.7
U-1267,welding,W-02,2026-03-28 11:13:15,2026-03-28 11:22:09,completed,2026-03-28 11:13:15,2026-03-28 11:22:09,8.9
U-1268,laser_cutting,L-03,2026-03-28 09:20:00,2026-03-28 09:27:46,completed,2026-03-28 09:20:00,2026-03-28 09:27:46,7.766666666666667
U-1268,bending,B-01,2026-03-28 10:11:46,2026-03-28 10:20:02,completed,2026-03-28 10:11:46,2026-03-28 10:20:02,8.266666666666667
U-1268,welding,W-02,2026-03-28 10:47:02,2026-03-28 10:59:00,completed,2026-03-28 10:47:02,2026-03-28 10:59:00,11.966666666666667
U-1269,laser_cutting,L-01,2026-03-28 09:10:00,2026-03-28 09:14:08,completed,2026-03-28 09:10:00,2026-03-28 09:14:08,4.133333333333334
U-1269,bending,B-02,2026-03-28 09:35:08,2026-03-28 09:42:37,completed,2026-03-28 09:35:08,2026-03-28 09:42:37,7.483333333333333
U-1269,welding,W-01,2026-03-28 10:00:37,2026-03-28 10:09:31,completed,2026-03-28 10:00:37,2026-03-28 10:09:31,8.9
U-1270,laser_cutting,L-02,2026-03-28 10:23:00,2026-03-28 10:29:26,completed,2026-03-28 10:23:00,2026-03-28 10:29:26,6.433333333333334
U-1270,bending,B-02,2026-03-28 10:47:26,2026-03-28 10:55:20,completed,2026-03-28 10:47:26,2026-03-28 10:55:20,7.9
U-1270,welding,W-02,2026-03-28 11:17:20,2026-03-28 11:27:42,completed,2026-03-28 11:17:20,2026-03-28 11:27:42,10.366666666666667
U-1271,laser_cutting,L-01,2026-03-28 11:06:00,2026-03-28 11:14:06,completed,2026-03-28 11:06:00,2026-03-28 11:14:06,8.1
U-1271,bending,B-02,2026-03-28 11:36:06,2026-03-28 11:42:53,completed,2026-03-28 11:36:06,2026-03-28 11:42:53,6.783333333333333
U-1271,welding,W-01,2026-03-28 11:59:53,2026-03-28 12:09:14,completed,2026-03-28 11:59:53,2026-03-28 12:09:14,9.35
U-1272,laser_cutting,L-02,2026-03-28 10:31:00,2026-03-28 10:36:15,completed,2026-03-28 10:31:00,2026-03-28 10:36:15,5.25
U-1272,bending,B-01,2026-03-28 11:16:15,2026-03-28 11:23:13,completed,2026-03-28 11:16:15,2026-03-28 11:23:13,6.966666666666667
U-1272,welding,W-02,2026-03-28 11:54:13,2026-03-28 12:02:53,completed,2026-03-28 11:54:13,2026-03-28 12:02:53,8.666666666666666
U-1273,laser_cutting,L-02,2026-03-28 08:59:00,2026-03-28 09:06:35,completed,2026-03-28 08:59:00,2026-03-28 09:06:35,7.583333333333333
U-1273,bending,B-02,2026-03-28 09:42:35,2026-03-28 09:52:51,completed,2026-03-28 09:42:35,2026-03-28 09:52:51,10.266666666666667
U-1273,welding,W-02,2026-03-28 10:28:51,2026-03-28 10:40:34,completed,2026-03-28 10:28:51,2026-03-28 10:40:34,11.716666666666667
U-1274,laser_cutting,L-02,2026-03-28 09:41:00,2026-03-28 09:45:57,completed,2026-03-28 09:41:00,2026-03-28 09:45:57,4.95
U-1274,bending,B-02,2026-03-28 10:20:57,2026-03-28 10:30:35,completed,2026-03-28 10:20:57,2026-03-28 10:30:35,9.633333333333333
U-1274,welding,W-02,2026-03-28 11:03:35,2026-03-28 11:11:05,completed,2026-03-28 11:03:35,2026-03-28 11:11:05,7.5
U-1275,laser_cutting,L-02,2026-03-28 10:30:00,2026-03-28 10:35:54,completed,2026-03-28 10:30:00,2026-03-28 10:35:54,5.9
U-1275,bending,B-01,2026-03-28 10:56:54,2026-03-28 11:04:53,completed,2026-03-28 10:56:54,2026-03-28 11:04:53,7.983333333333333
U-1275,welding,W-01,2026-03-28 11:41:53,2026-03-28 11:53:09,completed,2026-03-28 11:41:53,2026-03-28 11:53:09,11.266666666666667
U-1276,laser_cutting,L-02,2026-03-28 10:45:00,2026-03-28 10:50:43,completed,2026-03-28 10:45:00,2026-03-28 10:50:43,5.716666666666667
U-1276,bending,B-01,2026-03-28 11:11:43,2026-03-28 11:19:57,completed,2026-03-28 11:11:43,2026-03-28 11:19:57,8.233333333333333
U-1276,welding,W-01,2026-03-28 11:38:57,2026-03-28 11:47:36,completed,2026-03-28 11:38:57,2026-03-28 11:47:36,8.65
U-1277,laser_cutting,L-03,2026-03-28 09:34:00,2026-03-28 09:41:58,completed,2026-03-28 09:34:00,2026-03-28 09:41:58,7.966666666666667
U-1277,bending,B-02,2026-03-28 10:15:58,2026-03-28 10:26:29,completed,2026-03-28 10:15:58,2026-03-28 10:26:29,10.516666666666667
U-1277,welding,W-01,2026-03-28 10:58:29,2026-03-28 11:07:24,completed,2026-03-28 10:58:29,2026-03-28 11:07:24,8.916666666666666
U-1278,laser_cutting,L-03,2026-03-28 09:05:00,2026-03-28 09:08:27,completed,2026-03-28 09:05:00,2026-03-28 09:08:27,3.45
U-1278,bending,B-01,2026-03-28 09:32:27,2026-03-28 09:39:50,completed,2026-03-28 09:32:27,2026-03-28 09:39:50,7.383333333333334
U-1278,welding,W-02,2026-03-28 10:11:50,2026-03-28 10:21:35,completed,2026-03-28 10:11:50,2026-03-28 10:21:35,9.75
U-1279,laser_cutting,L-02,2026-03-28 09:49:00,2026-03-28 09:56:40,completed,2026-03-28 09:49:00,2026-03-28 09:56:40,7.666666666666667
U-1279,bending,B-01,2026-03-28 10:17:40,2026-03-28 10:25:44,completed,2026-03-28 10:17:40,2026-03-28 10:25:44,8.066666666666666
U-1279,welding,W-02,2026-03-28 10:55:44,2026-03-28 11:05:54,completed,2026-03-28 10:55:44,2026-03-28 11:05:54,10.166666666666666
U-1280,laser_cutting,L-03,2026-03-28 10:44:00,2026-03-28 10:49:09,completed,2026-03-28 10:44:00,2026-03-28 10:49:09,5.15
U-1280,bending,B-02,2026-03-28 11:13:09,2026-03-28 11:22:27,completed,2026-03-28 11:13:09,2026-03-28 11:22:27,9.3
U-1280,welding,W-02,2026-03-28 11:50:27,2026-03-28 11:59:55,completed,2026-03-28 11:50:27,2026-03-28 11:59:55,9.466666666666667
U-1281,laser_cutting,L-03,2026-03-28 10:57:00,2026-03-28 11:07:19,completed,2026-03-28 10:57:00,2026-03-28 11:07:19,10.316666666666666
U-1281,bending,B-02,2026-03-28 11:48:19,2026-03-28 11:57:52,completed,2026-03-28 11:48:19,2026-03-28 11:57:52,9.55
U-1281,welding,W-02,2026-03-28 12:23:52,2026-03-28 12:32:15,completed,2026-03-28 12:23:52,2026-03-28 12:32:15,8.383333333333333
U-1282,laser_cutting,L-02,2026-03-28 08:31:00,2026-03-28 08:37:02,completed,2026-03-28 08:31:00,2026-03-28 08:37:02,6.033333333333333
U-1282,bending,B-01,2026-03-28 09:08:02,2026-03-28 09:16:31,completed,2026-03-28 09:08:02,2026-03-28 09:16:31,8.483333333333333
U-1282,welding,W-02,2026-03-28 09:29:31,2026-03-28 09:38:59,completed,2026-03-28 09:29:31,2026-03-28 09:38:59,9.466666666666667
U-1283,laser_cutting,L-02,2026-03-28 08:43:00,2026-03-28 08:48:45,completed,2026-03-28 08:43:00,2026-03-28 08:48:45,5.75
U-1283,bending,B-02,2026-03-28 09:22:45,2026-03-28 09:27:41,completed,2026-03-28 09:22:45,2026-03-28 09:27:41,4.933333333333334
U-1283,welding,W-02,2026-03-28 09:55:41,2026-03-28 10:05:45,completed,2026-03-28 09:55:41,2026-03-28 10:05:45,10.066666666666666
U-1284,laser_cutting,L-02,2026-03-28 10:07:00,2026-03-28 10:13:49,completed,2026-03-28 10:07:00,2026-03-28 10:13:49,6.816666666666666
U-1284,bending,B-02,2026-03-28 10:41:49,2026-03-28 10:50:27,completed,2026-03-28 10:41:49,2026-03-28 10:50:27,8.633333333333333
U-1284,welding,W-02,2026-03-28 11:30:27,2026-03-28 11:39:14,completed,2026-03-28 11:30:27,2026-03-28 11:39:14,8.783333333333333
U-1285,laser_cutting,L-02,2026-03-28 09:25:00,2026-03-28 09:31:34,completed,2026-03-28 09:25:00,2026-03-28 09:31:34,6.566666666666666
U-1285,bending,B-01,2026-03-28 10:19:34,2026-03-28 10:26:12,completed,2026-03-28 10:19:34,2026-03-28 10:26:12,6.633333333333334
U-1285,welding,W-01,2026-03-28 11:15:12,2026-03-28 11:25:39,completed,2026-03-28 11:15:12,2026-03-28 11:25:39,10.45
U-1286,laser_cutting,L-03,2026-03-28 11:04:00,2026-03-28 11:08:53,completed,2026-03-28 11:04:00,2026-03-28 11:08:53,4.883333333333334
U-1286,bending,B-02,2026-03-28 11:46:53,2026-03-28 11:55:13,completed,2026-03-28 11:46:53,2026-03-28 11:55:13,8.333333333333334
U-1286,welding,W-02,2026-03-28 12:22:13,2026-03-28 12:33:01,completed,2026-03-28 12:22:13,2026-03-28 12:33:01,10.8
U-1287,laser_cutting,L-02,2026-03-28 08:48:00,2026-03-28 08:54:23,completed,2026-03-28 08:48:00,2026-03-28 08:54:23,6.383333333333334
U-1287,bending,B-02,2026-03-28 09:37:23,2026-03-28 09:46:40,completed,2026-03-28 09:37:23,2026-03-28 09:46:40,9.283333333333333
U-1287,welding,W-01,2026-03-28 10:05:40,2026-03-28 10:16:42,completed,2026-03-28 10:05:40,2026-03-28 10:16:42,11.033333333333333
U-1288,laser_cutting,L-02,2026-03-28 11:11:00,2026-03-28 11:19:06,completed,2026-03-28 11:11:00,2026-03-28 11:19:06,8.1
U-1288,bending,B-02,2026-03-28 11:55:06,2026-03-28 12:01:56,completed,2026-03-28 11:55:06,2026-03-28 12:01:56,6.833333333333333
U-1288,welding,W-02,2026-03-28 12:43:56,2026-03-28 12:54:46,completed,2026-03-28 12:43:56,2026-03-28 12:54:46,10.833333333333334
U-1289,laser_cutting,L-01,2026-03-28 09:42:00,2026-03-28 09:46:10,completed,2026-03-28 09:42:00,2026-03-28 09:46:10,4.166666666666667
U-1289,bending,B-02,2026-03-28 10:10:10,2026-03-28 10:18:50,completed,2026-03-28 10:10:10,2026-03-28 10:18:50,8.666666666666666
U-1289,welding,W-02,2026-03-28 10:32:50,2026-03-28 10:41:42,completed,2026-03-28 10:32:50,2026-03-28 10:41:42,8.866666666666667
U-1290,laser_cutting,L-01,2026-03-28 09:12:00,2026-03-28 09:17:44,completed,2026-03-28 09:12:00,2026-03-28 09:17:44,5.733333333333333
U-1290,bending,B-02,2026-03-28 09:39:44,2026-03-28 09:48:10,completed,2026-03-28 09:39:44,2026-03-28 09:48:10,8.433333333333334
U-1290,welding,W-02,2026-03-28 10:05:10,2026-03-28 10:15:05,completed,2026-03-28 10:05:10,2026-03-28 10:15:05,9.916666666666666
U-1291,laser_cutting,L-01,2026-03-28 09:07:00,2026-03-28 09:12:59,completed,2026-03-28 09:07:00,2026-03-28 09:12:59,5.983333333333333
U-1291,bending,B-01,2026-03-28 09:51:59,2026-03-28 10:01:04,completed,2026-03-28 09:51:59,2026-03-28 10:01:04,9.083333333333334
U-1291,welding,W-01,2026-03-28 10:40:04,2026-03-28 10:49:37,completed,2026-03-28 10:40:04,2026-03-28 10:49:37,9.55
