unit_id,process_step,result,defect_type,severity,inspection_timestamp
U-1042,laser_cutting,pass,-,-,2026-03-28 10:28:45
U-1042,bending,pass,-,-,2026-03-28 10:58:20
U-1042,welding,pass,-,-,2026-03-28 11:24:12
U-1043,laser_cutting,pass,-,-,2026-03-28 10:02:16
U-1043,bending,pass,-,-,2026-03-28 10:23:42
U-1043,welding,pass,-,-,2026-03-28 11:02:57
U-1044,laser_cutting,pass,-,-,2026-03-28 08:42:46
U-1044,bending,fail,angle_deviation,low,2026-03-28 09:11:18
U-1044,welding,pass,-,-,2026-03-28 09:43:17
U-1045,laser_cutting,fail,edge_burr,high,2026-03-28 08:45:51
U-1045,bending,pass,-,-,2026-03-28 09:24:31
U-1045,welding,fail,weak_joint,medium,2026-03-28 09:43:25
U-1046,laser_cutting,pass,-,-,2026-03-28 11:13:43
U-1046,bending,fail,angle_deviation,low,2026-03-28 11:58:06
U-1046,welding,pass,-,-,2026-03-28 12:40:51
U-1047,laser_cutting,pass,-,-,2026-03-28 08:38:10
U-1047,bending,fail,angle_deviation,medium,2026-03-28 09:31:28
U-1047,welding,pass,-,-,2026-03-28 10:23:41
U-1048,laser_cutting,pass,-,-,2026-03-28 09:03:11
U-1048,bending,pass,-,-,2026-03-28 09:28:39
U-1048,welding,fail,weak_joint,medium,2026-03-28 10:11:34
U-1049,laser_cutting,pass,-,-,2026-03-28 11:25:09
U-1049,bending,pass,-,-,2026-03-28 12:10:03
U-1049,welding,pass,-,-,2026-03-28 12:31:21
U-1050,laser_cutting,pass,-,-,2026-03-28 09:44:58
U-1050,bending,pass,-,-,2026-03-28 10:15:09
U-1050,welding,pass,-,-,2026-03-28 10:54:32
U-1051,laser_cutting,pass,-,-,2026-03-28 09:30:13
U-1051,bending,pass,-,-,2026-03-28 10:16:46
U-1051,welding,pass,-,-,2026-03-28 10:49:51
U-1052,laser_cutting,pass,-,-,2026-03-28 08:37:01
U-1052,bending,pass,-,-,2026-03-28 09:19:21
U-1052,welding,fail,surface_porosity,high,2026-03-28 09:58:33
U-1053,laser_cutting,fail,edge_burr,high,2026-03-28 09:40:37
U-1053,bending,pass,-,-,2026-03-28 10:14:25
U-1053,welding,pass,-,-,2026-03-28 10:40:30
U-1054,laser_cutting,pass,-,-,2026-03-28 09:00:14
U-1054,bending,pass,-,-,2026-03-28 09:46:15
U-1054,welding,pass,-,-,2026-03-28 10:15:01
U-1055,laser_cutting,pass,-,-,2026-03-28 10:21:08
U-1055,bending,pass,-,-,2026-03-28 10:53:48
U-1055,welding,pass,-,-,2026-03-28 11:26:16
U-1056,laser_cutting,pass,-,-,2026-03-28 09:24:20
U-1056,bending,pass,-,-,2026-03-28 09:54:03
U-1056,welding,fail,surface_porosity,medium,2026-03-28 10:43:39
U-1057,laser_cutting,pass,-,-,2026-03-28 10:01:46
U-1057,bending,pass,-,-,2026-03-28 10:24:24
U-1057,welding,pass,-,-,2026-03-28 11:00:07
U-1058,laser_cutting,pass,-,-,2026-03-28 10:52:49
U-1058,bending,pass,-,-,2026-03-28 11:25:02
U-1058,welding,fail,surface_porosity,low,2026-03-28 11:51:05
U-1059,laser_cutting,pass,-,-,2026-03-28 09:15:31
U-1059,bending,pass,-,-,2026-03-28 09:34:12
U-1059,welding,pass,-,-,2026-03-28 10:25:53
U-1060,laser_cutting,pass,-,-,2026-03-28 10:09:34
U-1060,bending,pass,-,-,2026-03-28 10:59:43
U-1060,welding,pass,-,-,2026-03-28 11:40:57
U-1061,laser_cutting,fail,incomplete_cut,low,2026-03-28 10:53:06
U-1061,bending,pass,-,-,2026-03-28 11:27:31
U-1061,welding,pass,-,-,2026-03-28 12:08:22
U-1062,laser_cutting,pass,-,-,2026-03-28 08:48:08
U-1062,bending,pass,-,-,2026-03-28 09:12:12
U-1062,welding,pass,-,-,2026-03-28 10:05:42
U-1063,laser_cutting,pass,-,-,2026-03-28 11:14:27
U-1063,bending,pass,-,-,2026-03-28 11:36:31
U-1063,welding,pass,-,-,2026-03-28 12:28:53
U-1064,laser_cutting,pass,-,-,2026-03-28 08:54:20
U-1064,bending,pass,-,-,2026-03-28 09:29:16
U-1064,welding,pass,-,-,2026-03-28 10:05:34
U-1065,laser_cutting,pass,-,-,2026-03-28 10:07:21
U-1065,bending,pass,-,-,2026-03-28 10:46:42
U-1065,welding,fail,surface_porosity,medium,2026-03-28 11:39:13
U-1066,laser_cutting,pass,-,-,2026-03-28 09:26:07
U-1066,bending,pass,-,-,2026-03-28 10:03:06
U-1066,welding,pass,-,-,2026-03-28 10:50:40
U-1067,laser_cutting,pass,-,-,2026-03-28 10:30:04
U-1067,bending,pass,-,-,2026-03-28 11:19:47
U-1067,welding,pass,-,-,2026-03-28 11:52:42
U-1068,laser_cutting,pass,-,-,2026-03-28 09:37:04
U-1068,bending,fail,surface_crack,medium,2026-03-28 10:30:32
U-1068,welding,pass,-,-,2026-03-28 11:23:33
U-1069,laser_cutting,pass,-,-,2026-03-28 08:34:50
U-1069,bending,pass,-,-,2026-03-28 09:06:43
U-1069,welding,pass,-,-,2026-03-28 10:01:56
U-1070,laser_cutting,pass,-,-,2026-03-28 08:24:10
U-1070,bending,pass,-,-,2026-03-28 09:02:48
U-1070,welding,pass,-,-,2026-03-28 09:52:55
U-1071,laser_cutting,pass,-,-,2026-03-28 08:54:24
U-1071,bending,fail,angle_deviation,medium,2026-03-28 09:31:12
U-1071,welding,pass,-,-,2026-03-28 10:19:30
U-1072,laser_cutting,pass,-,-,2026-03-28 11:23:24
U-1072,bending,pass,-,-,2026-03-28 12:12:53
U-1072,welding,pass,-,-,2026-03-28 12:53:50
U-1073,laser_cutting,pass,-,-,2026-03-28 10:58:46
U-1073,bending,pass,-,-,2026-03-28 11:37:24
U-1073,welding,pass,-,-,2026-03-28 12:19:31
U-1074,laser_cutting,pass,-,-,2026-03-28 08:53:24
U-1074,bending,pass,-,-,2026-03-28 09:17:43
U-1074,welding,fail,weak_joint,low,2026-03-28 10:11:25
U-1075,laser_cutting,pass,-,-,2026-03-28 09:16:07
U-1075,bending,pass,-,-,2026-03-28 10:09:59
U-1075,welding,fail,surface_porosity,low,2026-03-28 10:57:19
U-1076,laser_cutting,pass,-,-,2026-03-28 10:38:48
U-1076,bending,pass,-,-,2026-03-28 11:16:52
U-1076,welding,pass,-,-,2026-03-28 11:58:37
U-1077,laser_cutting,pass,-,-,2026-03-28 09:32:56
U-1077,bending,pass,-,-,2026-03-28 09:59:25
U-1077,welding,pass,-,-,2026-03-28 10:28:05
U-1078,laser_cutting,fail,edge_burr,low,2026-03-28 11:18:39
U-1078,bending,pass,-,-,2026-03-28 12:07:33
U-1078,welding,fail,surface_porosity,medium,2026-03-28 12:41:52
U-1079,laser_cutting,pass,-,-,2026-03-28 09:02:32
U-1079,bending,pass,-,-,2026-03-28 09:48:52
U-1079,welding,pass,-,-,2026-03-28 10:23:31
U-1080,laser_cutting,pass,-,-,2026-03-28 08:35:52
U-1080,bending,pass,-,-,2026-03-28 08:57:04
U-1080,welding,pass,-,-,2026-03-28 09:39:37
U-1081,laser_cutting,fail,incomplete_cut,high,2026-03-28 10:42:10
U-1081,bending,fail,springback,low,2026-03-28 11:23:06
U-1081,welding,pass,-,-,2026-03-28 12:12:39
U-1082,laser_cutting,pass,-,-,2026-03-28 11:03:00
U-1082,bending,pass,-,-,2026-03-28 11:41:59
U-1082,welding,pass,-,-,2026-03-28 12:19:20
U-1083,laser_cutting,pass,-,-,2026-03-28 09:40:24
U-1083,bending,pass,-,-,2026-03-28 10:11:21
U-1083,welding,pass,-,-,2026-03-28 10:47:45
U-1084,laser_cutting,pass,-,-,2026-03-28 11:04:24
U-1084,bending,pass,-,-,2026-03-28 11:51:40
U-1084,welding,pass,-,-,2026-03-28 12:19:31
U-1085,laser_cutting,pass,-,-,2026-03-28 10:43:50
U-1085,bending,pass,-,-,2026-03-28 11:03:31
U-1085,welding,pass,-,-,2026-03-28 11:47:59
U-1086,laser_cutting,pass,-,-,2026-03-28 10:53:12
U-1086,bending,pass,-,-,2026-03-28 11:24:08
U-1086,welding,pass,-,-,2026-03-28 12:07:52
U-1087,laser_cutting,pass,-,-,2026-03-28 09:23:39
U-1087,bending,pass,-,-,2026-03-28 10:08:43
U-1087,welding,pass,-,-,2026-03-28 10:55:53
U-1088,laser_cutting,pass,-,-,2026-03-28 10:36:58
U-1088,bending,pass,-,-,2026-03-28 11:09:06
U-1088,welding,pass,-,-,2026-03-28 11:51:36
U-1089,laser_cutting,pass,-,-,2026-03-28 09:46:52
U-1089,bending,pass,-,-,2026-03-28 10:31:01
U-1089,welding,pass,-,-,2026-03-28 10:54:45
U-1090,laser_cutting,pass,-,-,2026-03-28 08:49:11
U-1090,bending,pass,-,-,2026-03-28 09:35:21
U-1090,welding,pass,-,-,2026-03-28 10:32:06
U-1091,laser_cutting,pass,-,-,2026-03-28 09:35:34
U-1091,bending,pass,-,-,2026-03-28 09:55:04
U-1091,welding,pass,-,-,2026-03-28 10:47:27
U-1092,laser_cutting,pass,-,-,2026-03-28 08:47:51
U-1092,bending,pass,-,-,2026-03-28 09:18:40
U-1092,welding,pass,-,-,2026-03-28 09:42:13
U-1093,laser_cutting,pass,-,-,2026-03-28 09:27:13
U-1093,bending,pass,-,-,2026-03-28 09:45:30
U-1093,welding,pass,-,-,2026-03-28 10:24:08
U-1094,laser_cutting,fail,heat_mark,high,2026-03-28 10:23:42
U-1094,bending,pass,-,-,2026-03-28 10:41:54
U-1094,welding,pass,-,-,2026-03-28 11:22:55
U-1095,laser_cutting,pass,-,-,2026-03-28 10:15:27
U-1095,bending,pass,-,-,2026-03-28 10:56:57
U-1095,welding,fail,surface_porosity,medium,2026-03-28 11:27:40
U-1096,laser_cutting,pass,-,-,2026-03-28 09:44:25
U-1096,bending,pass,-,-,2026-03-28 10:13:34
U-1096,welding,pass,-,-,2026-03-28 11:00:35
U-1097,laser_cutting,pass,-,-,2026-03-28 11:06:11
U-1097,bending,pass,-,-,2026-03-28 11:55:55
U-1097,welding,pass,-,-,2026-03-28 12:33:40
U-1098,laser_cutting,pass,-,-,2026-03-28 09:30:43
U-1098,bending,pass,-,-,2026-03-28 10:21:17
U-1098,welding,pass,-,-,2026-03-28 11:04:54
U-1099,laser_cutting,pass,-,-,2026-03-28 09:32:51
U-1099,bending,pass,-,-,2026-03-28 10:00:17
U-1099,welding,fail,burn_through,medium,2026-03-28 10:50:48
U-1100,laser_cutting,pass,-,-,2026-03-28 09:48:36
U-1100,bending,pass,-,-,2026-03-28 10:24:46
U-1100,welding,pass,-,-,2026-03-28 10:59:34
U-1101,laser_cutting,pass,-,-,2026-03-28 10:42:29
U-1101,bending,pass,-,-,2026-03-28 11:26:32
U-1101,welding,pass,-,-,2026-03-28 12:17:46
U-1102,laser_cutting,pass,-,-,2026-03-28 10:50:10
U-1102,bending,pass,-,-,2026-03-28 11:17:17
U-1102,welding,pass,-,-,2026-03-28 12:00:24
U-1103,laser_cutting,pass,-,-,2026-03-28 09:32:08
U-1103,bending,pass,-,-,2026-03-28 10:13:08
U-1103,welding,pass,-,-,2026-03-28 10:58:49
U-1104,laser_cutting,pass,-,-,2026-03-28 11:04:19
U-1104,bending,pass,-,-,2026-03-28 11:34:00
U-1104,welding,pass,-,-,2026-03-28 12:25:26
U-1105,laser_cutting,pass,-,-,2026-03-28 11:00:51
U-1105,bending,pass,-,-,2026-03-28 11:28:49
U-1105,welding,pass,-,-,2026-03-28 11:58:16
U-1106,laser_cutting,pass,-,-,2026-03-28 11:30:24
U-1106,bending,pass,-,-,2026-03-28 12:01:30
U-1106,welding,pass,-,-,2026-03-28 12:53:55
U-1107,laser_cutting,pass,-,-,2026-03-28 09:37:40
U-1107,bending,pass,-,-,2026-03-28 10:31:58
U-1107,welding,pass,-,-,2026-03-28 11:10:26
U-1108,laser_cutting,pass,-,-,2026-03-28 09:55:30
U-1108,bending,pass,-,-,2026-03-28 10:34:43
U-1108,welding,pass,-,-,2026-03-28 11:28:01
U-1109,laser_cutting,pass,-,-,2026-03-28 10:59:51
U-1109,bending,pass,-,-,2026-03-28 11:47:04
U-1109,welding,pass,-,-,2026-03-28 12:34:13
U-1110,laser_cutting,pass,-,-,2026-03-28 11:04:33
U-1110,bending,pass,-,-,2026-03-28 11:43:48
U-1110,welding,fail,burn_through,low,2026-03-28 12:15:12
U-1111,laser_cutting,pass,-,-,2026-03-28 09:10:27
U-1111,bending,pass,-,-,2026-03-28 09:48:00
U-1111,welding,fail,surface_porosity,low,2026-03-28 10:28:57
U-1112,laser_cutting,fail,incomplete_cut,medium,2026-03-28 09:42:39
U-1112,bending,pass,-,-,2026-03-28 10:22:10
U-1112,welding,fail,burn_through,low,2026-03-28 11:13:52
U-1113,laser_cutting,pass,-,-,2026-03-28 09:12:02
U-1113,bending,pass,-,-,2026-03-28 10:08:36
U-1113,welding,pass,-,-,2026-03-28 10:39:49
U-1114,laser_cutting,pass,-,-,2026-03-28 10:37:12
U-1114,bending,fail,angle_deviation,medium,2026-03-28 11:25:14
U-1114,welding,pass,-,-,2026-03-28 11:58:15
U-1115,laser_cutting,pass,-,-,2026-03-28 10:45:28
U-1115,bending,pass,-,-,2026-03-28 11:33:32
U-1115,welding,pass,-,-,2026-03-28 12:15:17
U-1116,laser_cutting,pass,-,-,2026-03-28 11:28:49
U-1116,bending,pass,-,-,2026-03-28 12:17:33
U-1116,welding,pass,-,-,2026-03-28 12:40:34
U-1117,laser_cutting,pass,-,-,2026-03-28 10:17:37
U-1117,bending,pass,-,-,2026-03-28 11:07:33
U-1117,welding,pass,-,-,2026-03-28 11:59:03
U-1118,laser_cutting,pass,-,-,2026-03-28 09:32:09
U-1118,bending,pass,-,-,2026-03-28 10:15:12
U-1118,welding,pass,-,-,2026-03-28 10:37:38
U-1119,laser_cutting,pass,-,-,2026-03-28 09:14:22
U-1119,bending,pass,-,-,2026-03-28 09:58:07
U-1119,welding,pass,-,-,2026-03-28 10:28:54
U-1120,laser_cutting,pass,-,-,2026-03-28 11:18:30
U-1120,bending,fail,surface_crack,low,2026-03-28 12:07:13
U-1120,welding,pass,-,-,2026-03-28 12:47:27
U-1121,laser_cutting,pass,-,-,2026-03-28 08:55:33
U-1121,bending,pass,-,-,2026-03-28 09:25:33
U-1121,welding,pass,-,-,2026-03-28 10:07:58
U-1122,laser_cutting,pass,-,-,2026-03-28 10:11:31
U-1122,bending,pass,-,-,2026-03-28 10:53:34
U-1122,welding,fail,surface_porosity,medium,2026-03-28 11:43:49
U-1123,laser_cutting,pass,-,-,2026-03-28 10:19:07
U-1123,bending,fail,springback,medium,2026-03-28 10:49:56
U-1123,welding,pass,-,-,2026-03-28 11:40:36
U-1124,laser_cutting,pass,-,-,2026-03-28 10:01:59
U-1124,bending,pass,-,-,2026-03-28 10:26:06
U-1124,welding,pass,-,-,2026-03-28 11:20:54
U-1125,laser_cutting,pass,-,-,2026-03-28 09:05:21
U-1125,bending,pass,-,-,2026-03-28 09:56:46
U-1125,welding,pass,-,-,2026-03-28 10:46:52
U-1126,laser_cutting,pass,-,-,2026-03-28 09:39:25
U-1126,bending,pass,-,-,2026-03-28 09:59:07
U-1126,welding,fail,surface_porosity,high,2026-03-28 10:50:58
U-1127,laser_cutting,pass,-,-,2026-03-28 10:36:24
U-1127,bending,pass,-,-,2026-03-28 11:28:22
U-1127,welding,pass,-,-,2026-03-28 11:59:30
U-1128,laser_cutting,pass,-,-,2026-03-28 11:09:47
U-1128,bending,pass,-,-,2026-03-28 11:28:48
U-1128,welding,pass,-,-,2026-03-28 12:12:48
U-1129,laser_cutting,pass,-,-,2026-03-28 10:26:55
U-1129,bending,pass,-,-,2026-03-28 10:54:33
U-1129,welding,pass,-,-,2026-03-28 11:33:14
U-1130,laser_cutting,pass,-,-,2026-03-28 11:07:06
U-1130,bending,pass,-,-,2026-03-28 12:03:30
U-1130,welding,pass,-,-,2026-03-28 12:57:15
U-1131,laser_cutting,pass,-,-,2026-03-28 10:12:41
U-1131,bending,pass,-,-,2026-03-28 11:02:07
U-1131,welding,pass,-,-,2026-03-28 11:59:32
U-1132,laser_cutting,pass,-,-,2026-03-28 09:12:58
U-1132,bending,pass,-,-,2026-03-28 09:49:36
U-1132,welding,pass,-,-,2026-03-28 10:21:55
U-1133,laser_cutting,pass,-,-,2026-03-28 10:33:40
U-1133,bending,pass,-,-,2026-03-28 11:04:46
U-1133,welding,pass,-,-,2026-03-28 11:34:58
U-1134,laser_cutting,pass,-,-,2026-03-28 09:24:33
U-1134,bending,pass,-,-,2026-03-28 10:14:54
U-1134,welding,pass,-,-,2026-03-28 10:38:42
U-1135,laser_cutting,pass,-,-,2026-03-28 09:52:58
U-1135,bending,pass,-,-,2026-03-28 10:17:12
U-1135,welding,pass,-,-,2026-03-28 10:52:55
U-1136,laser_cutting,pass,-,-,2026-03-28 11:24:58
U-1136,bending,pass,-,-,2026-03-28 12:00:42
U-1136,welding,pass,-,-,2026-03-28 12:37:09
U-1137,laser_cutting,pass,-,-,2026-03-28 09:45:19
U-1137,bending,pass,-,-,2026-03-28 10:40:12
U-1137,welding,pass,-,-,2026-03-28 11:18:10
U-1138,laser_cutting,pass,-,-,2026-03-28 10:51:51
U-1138,bending,pass,-,-,2026-03-28 11:43:16
U-1138,welding,fail,weak_joint,low,2026-03-28 12:27:09
U-1139,laser_cutting,pass,-,-,2026-03-28 08:55:52
U-1139,bending,pass,-,-,2026-03-28 09:40:09
U-1139,welding,pass,-,-,2026-03-28 10:25:21
U-1140,laser_cutting,pass,-,-,2026-03-28 11:30:48
U-1140,bending,pass,-,-,2026-03-28 12:19:30
U-1140,welding,pass,-,-,2026-03-28 13:00:37
U-1141,laser_cutting,pass,-,-,2026-03-28 10:49:51
U-1141,bending,pass,-,-,2026-03-28 11:39:51
U-1141,welding,fail,surface_porosity,medium,2026-03-28 12:18:26
U-1142,laser_cutting,pass,-,-,2026-03-28 09:36:10
U-1142,bending,pass,-,-,2026-03-28 09:54:31
U-1142,welding,pass,-,-,2026-03-28 10:27:48
U-1143,laser_cutting,pass,-,-,2026-03-28 08:46:12
U-1143,bending,pass,-,-,2026-03-28 09:33:37
U-1143,welding,pass,-,-,2026-03-28 10:26:57
U-1144,laser_cutting,pass,-,-,2026-03-28 09:59:21
U-1144,bending,pass,-,-,2026-03-28 10:25:54
U-1144,welding,pass,-,-,2026-03-28 11:14:10
U-1145,laser_cutting,pass,-,-,2026-03-28 11:22:24
U-1145,bending,pass,-,-,2026-03-28 11:51:04
U-1145,welding,pass,-,-,2026-03-28 12:45:22
U-1146,laser_cutting,pass,-,-,2026-03-28 10:18:10
U-1146,bending,fail,angle_deviation,low,2026-03-28 10:56:20
U-1146,welding,fail,weak_joint,low,2026-03-28 11:48:04
U-1147,laser_cutting,pass,-,-,2026-03-28 08:49:41
U-1147,bending,pass,-,-,2026-03-28 09:10:19
U-1147,welding,pass,-,-,2026-03-28 09:54:31
U-1148,laser_cutting,pass,-,-,2026-03-28 10:22:50
U-1148,bending,fail,surface_crack,low,2026-03-28 11:04:52
U-1148,welding,pass,-,-,2026-03-28 11:58:05
U-1149,laser_cutting,pass,-,-,2026-03-28 09:08:59
U-1149,bending,pass,-,-,2026-03-28 09:41:40
U-1149,welding,pass,-,-,2026-03-28 10:10:43
U-1150,laser_cutting,pass,-,-,2026-03-28 09:35:42
U-1150,bending,pass,-,-,2026-03-28 10:00:04
U-1150,welding,pass,-,-,2026-03-28 10:41:28
U-1151,laser_cutting,fail,incomplete_cut,low,2026-03-28 08:59:58
U-1151,bending,pass,-,-,2026-03-28 09:38:53
U-1151,welding,fail,surface_porosity,low,2026-03-28 10:28:37
U-1152,laser_cutting,pass,-,-,2026-03-28 11:06:51
U-1152,bending,pass,-,-,2026-03-28 11:54:55
U-1152,welding,pass,-,-,2026-03-28 12:28:43
U-1153,laser_cutting,pass,-,-,2026-03-28 10:59:28
U-1153,bending,fail,springback,high,2026-03-28 11:45:12
U-1153,welding,fail,surface_porosity,medium,2026-03-28 12:15:58
U-1154,laser_cutting,pass,-,-,2026-03-28 11:03:43
U-1154,bending,pass,-,-,2026-03-28 11:47:17
U-1154,welding,pass,-,-,2026-03-28 12:27:54
U-1155,laser_cutting,pass,-,-,2026-03-28 08:53:46
U-1155,bending,pass,-,-,2026-03-28 09:49:59
U-1155,welding,pass,-,-,2026-03-28 10:19:18
U-1156,laser_cutting,pass,-,-,2026-03-28 09:54:47
U-1156,bending,pass,-,-,2026-03-28 10:27:36
U-1156,welding,pass,-,-,2026-03-28 11:09:39
U-1157,laser_cutting,pass,-,-,2026-03-28 10:57:03
U-1157,bending,pass,-,-,2026-03-28 11:36:57
U-1157,welding,pass,-,-,2026-03-28 12:30:29
U-1158,laser_cutting,pass,-,-,2026-03-28 09:15:30
U-1158,bending,pass,-,-,2026-03-28 09:54:04
U-1158,welding,pass,-,-,2026-03-28 10:21:27
U-1159,laser_cutting,pass,-,-,2026-03-28 10:09:04
U-1159,bending,pass,-,-,2026-03-28 10:54:00
U-1159,welding,pass,-,-,2026-03-28 11:29:22
U-1160,laser_cutting,pass,-,-,2026-03-28 11:06:48
U-1160,bending,pass,-,-,2026-03-28 11:56:09
U-1160,welding,pass,-,-,2026-03-28 12:35:35
U-1161,laser_cutting,pass,-,-,2026-03-28 10:16:24
U-1161,bending,pass,-,-,2026-03-28 11:16:42
U-1161,welding,pass,-,-,2026-03-28 12:12:36
U-1162,laser_cutting,pass,-,-,2026-03-28 10:39:23
U-1162,bending,pass,-,-,2026-03-28 11:17:22
U-1162,welding,pass,-,-,2026-03-28 11:55:59
U-1163,laser_cutting,pass,-,-,2026-03-28 11:11:48
U-1163,bending,pass,-,-,2026-03-28 11:41:03
U-1163,welding,pass,-,-,2026-03-28 12:17:18
U-1164,laser_cutting,pass,-,-,2026-03-28 09:15:16
U-1164,bending,pass,-,-,2026-03-28 09:48:49
U-1164,welding,pass,-,-,2026-03-28 10:33:58
U-1165,laser_cutting,pass,-,-,2026-03-28 08:20:24
U-1165,bending,pass,-,-,2026-03-28 08:45:49
U-1165,welding,pass,-,-,2026-03-28 09:21:30
U-1166,laser_cutting,pass,-,-,2026-03-28 08:58:59
U-1166,bending,pass,-,-,2026-03-28 09:47:30
U-1166,welding,pass,-,-,2026-03-28 10:34:04
U-1167,laser_cutting,pass,-,-,2026-03-28 10:34:47
U-1167,bending,pass,-,-,2026-03-28 11:06:46
U-1167,welding,pass,-,-,2026-03-28 11:53:00
U-1168,laser_cutting,fail,incomplete_cut,high,2026-03-28 09:00:21
U-1168,bending,pass,-,-,2026-03-28 09:30:35
U-1168,welding,fail,surface_porosity,medium,2026-03-28 09:59:03
U-1169,laser_cutting,pass,-,-,2026-03-28 08:27:03
U-1169,bending,pass,-,-,2026-03-28 09:04:56
U-1169,welding,pass,-,-,2026-03-28 09:30:15
U-1170,laser_cutting,pass,-,-,2026-03-28 08:54:15
U-1170,bending,pass,-,-,2026-03-28 09:44:42
U-1170,welding,pass,-,-,2026-03-28 10:36:17
U-1171,laser_cutting,pass,-,-,2026-03-28 11:24:43
U-1171,bending,pass,-,-,2026-03-28 11:58:45
U-1171,welding,fail,surface_porosity,low,2026-03-28 12:32:25
U-1172,laser_cutting,pass,-,-,2026-03-28 11:05:26
U-1172,bending,pass,-,-,2026-03-28 11:58:36
U-1172,welding,pass,-,-,2026-03-28 12:31:28
U-1173,laser_cutting,pass,-,-,2026-03-28 09:13:07
U-1173,bending,pass,-,-,2026-03-28 09:42:43
U-1173,welding,pass,-,-,2026-03-28 10:15:26
U-1174,laser_cutting,pass,-,-,2026-03-28 10:30:06
U-1174,bending,pass,-,-,2026-03-28 11:17:11
U-1174,welding,pass,-,-,2026-03-28 11:38:29
U-1175,laser_cutting,pass,-,-,2026-03-28 08:51:34
U-1175,bending,pass,-,-,2026-03-28 09:32:43
U-1175,welding,fail,burn_through,medium,2026-03-28 10:11:22
U-1176,laser_cutting,pass,-,-,2026-03-28 10:04:01
U-1176,bending,pass,-,-,2026-03-28 10:42:18
U-1176,welding,pass,-,-,2026-03-28 11:13:48
U-1177,laser_cutting,pass,-,-,2026-03-28 09:48:57
U-1177,bending,pass,-,-,2026-03-28 10:43:39
U-1177,welding,pass,-,-,2026-03-28 11:33:02
U-1178,laser_cutting,pass,-,-,2026-03-28 10:01:32
U-1178,bending,pass,-,-,2026-03-28 10:30:19
U-1178,welding,fail,surface_porosity,low,2026-03-28 11:02:24
U-1179,laser_cutting,pass,-,-,2026-03-28 11:03:21
U-1179,bending,pass,-,-,2026-03-28 11:45:13
U-1179,welding,fail,weak_joint,medium,2026-03-28 12:32:35
U-1180,laser_cutting,pass,-,-,2026-03-28 11:29:42
U-1180,bending,pass,-,-,2026-03-28 12:13:55
U-1180,welding,pass,-,-,2026-03-28 13:12:18
U-1181,laser_cutting,pass,-,-,2026-03-28 09:47:48
U-1181,bending,pass,-,-,2026-03-28 10:30:34
U-1181,welding,fail,surface_porosity,high,2026-03-28 11:02:30
U-1182,laser_cutting,fail,edge_burr,low,2026-03-28 09:20:35
U-1182,bending,pass,-,-,2026-03-28 09:53:19
U-1182,welding,fail,burn_through,low,2026-03-28 10:40:04
U-1183,laser_cutting,pass,-,-,2026-03-28 09:45:27
U-1183,bending,pass,-,-,2026-03-28 10:31:43
U-1183,welding,fail,surface_porosity,medium,2026-03-28 11:04:49
U-1184,laser_cutting,pass,-,-,2026-03-28 10:27:59
U-1184,bending,pass,-,-,2026-03-28 11:11:10
U-1184,welding,pass,-,-,2026-03-28 11:53:10
U-1185,laser_cutting,pass,-,-,2026-03-28 09:16:53
U-1185,bending,pass,-,-,2026-03-28 09:38:43
U-1185,welding,pass,-,-,2026-03-28 10:23:10
U-1186,laser_cutting,pass,-,-,2026-03-28 08:31:00
U-1186,bending,pass,-,-,2026-03-28 09:15:21
U-1186,welding,fail,burn_through,low,2026-03-28 09:38:51
U-1187,laser_cutting,pass,-,-,2026-03-28 09:43:26
U-1187,bending,pass,-,-,2026-03-28 10:01:15
U-1187,welding,fail,burn_through,medium,2026-03-28 10:29:03
U-1188,laser_cutting,pass,-,-,2026-03-28 10:17:58
U-1188,bending,fail,angle_deviation,medium,2026-03-28 10:43:21
U-1188,welding,pass,-,-,2026-03-28 11:34:30
U-1189,laser_cutting,pass,-,-,2026-03-28 11:45:30
U-1189,bending,pass,-,-,2026-03-28 12:22:01
U-1189,welding,fail,surface_porosity,low,2026-03-28 12:45:26
U-1190,laser_cutting,pass,-,-,2026-03-28 10:50:55
U-1190,bending,pass,-,-,2026-03-28 11:30:37
U-1190,welding,pass,-,-,2026-03-28 12:11:12
U-1191,laser_cutting,pass,-,-,2026-03-28 09:16:03
U-1191,bending,pass,-,-,2026-03-28 09:55:07
U-1191,welding,pass,-,-,2026-03-28 10:39:42
U-1192,laser_cutting,fail,incomplete_cut,high,2026-03-28 10:08:30
U-1192,bending,pass,-,-,2026-03-28 10:55:57
U-1192,welding,pass,-,-,2026-03-28 11:32:48
U-1193,laser_cutting,pass,-,-,2026-03-28 10:50:23
U-1193,bending,pass,-,-,2026-03-28 11:45:41
U-1193,welding,pass,-,-,2026-03-28 12:20:57
U-1194,laser_cutting,pass,-,-,2026-03-28 09:42:33
U-1194,bending,pass,-,-,2026-03-28 10:35:02
U-1194,welding,pass,-,-,2026-03-28 11:22:58
U-1195,laser_cutting,pass,-,-,2026-03-28 10:10:11
U-1195,bending,pass,-,-,2026-03-28 10:45:52
U-1195,welding,pass,-,-,2026-03-28 11:32:48
U-1196,laser_cutting,pass,-,-,2026-03-28 09:05:48
U-1196,bending,pass,-,-,2026-03-28 09:48:48
U-1196,welding,fail,surface_porosity,low,2026-03-28 10:17:40
U-1197,laser_cutting,fail,edge_burr,low,2026-03-28 10:01:29
U-1197,bending,pass,-,-,2026-03-28 10:50:24
U-1197,welding,pass,-,-,2026-03-28 11:29:40
U-1198,laser_cutting,pass,-,-,2026-03-28 10:00:05
U-1198,bending,pass,-,-,2026-03-28 10:33:45
U-1198,welding,pass,-,-,2026-03-28 11:10:52
U-1199,laser_cutting,pass,-,-,2026-03-28 11:05:28
U-1199,bending,pass,-,-,2026-03-28 11:32:06
U-1199,welding,fail,surface_porosity,low,2026-03-28 12:21:10
U-1200,laser_cutting,pass,-,-,2026-03-28 10:09:46
U-1200,bending,pass,-,-,2026-03-28 10:46:20
U-1200,welding,pass,-,-,2026-03-28 11:15:43
U-1201,laser_cutting,pass,-,-,2026-03-28 08:37:19
U-1201,bending,pass,-,-,2026-03-28 09:18:38
U-1201,welding,fail,weak_joint,low,2026-03-28 10:11:36
U-1202,laser_cutting,pass,-,-,2026-03-28 09:28:43
U-1202,bending,pass,-,-,2026-03-28 10:08:12
U-1202,welding,pass,-,-,2026-03-28 10:56:00
U-1203,laser_cutting,fail,edge_burr,medium,2026-03-28 08:44:09
U-1203,bending,pass,-,-,2026-03-28 09:31:48
U-1203,welding,fail,burn_through,medium,2026-03-28 10:20:06
U-1204,laser_cutting,pass,-,-,2026-03-28 11:10:27
U-1204,bending,pass,-,-,2026-03-28 11:43:57
U-1204,welding,pass,-,-,2026-03-28 12:15:27
U-1205,laser_cutting,pass,-,-,2026-03-28 11:34:52
U-1205,bending,pass,-,-,2026-03-28 12:13:34
U-1205,welding,pass,-,-,2026-03-28 12:39:33
U-1206,laser_cutting,pass,-,-,2026-03-28 11:29:14
U-1206,bending,pass,-,-,2026-03-28 11:57:54
U-1206,welding,pass,-,-,2026-03-28 12:32:13
U-1207,laser_cutting,pass,-,-,2026-03-28 09:12:30
U-1207,bending,pass,-,-,2026-03-28 09:56:06
U-1207,welding,fail,surface_porosity,medium,2026-03-28 10:33:54
U-1208,laser_cutting,pass,-,-,2026-03-28 10:01:45
U-1208,bending,pass,-,-,2026-03-28 10:20:09
U-1208,welding,pass,-,-,2026-03-28 11:01:46
U-1209,laser_cutting,pass,-,-,2026-03-28 09:22:10
U-1209,bending,pass,-,-,2026-03-28 09:44:08
U-1209,welding,fail,surface_porosity,low,2026-03-28 10:31:54
U-1210,laser_cutting,pass,-,-,2026-03-28 10:50:09
U-1210,bending,pass,-,-,2026-03-28 11:17:01
U-1210,welding,pass,-,-,2026-03-28 12:04:34
U-1211,laser_cutting,pass,-,-,2026-03-28 08:56:57
U-1211,bending,fail,springback,low,2026-03-28 09:27:14
U-1211,welding,pass,-,-,2026-03-28 10:13:31
U-1212,laser_cutting,pass,-,-,2026-03-28 11:35:16
U-1212,bending,pass,-,-,2026-03-28 12:09:49
U-1212,welding,pass,-,-,2026-03-28 12:40:09
U-1213,laser_cutting,pass,-,-,2026-03-28 09:10:40
U-1213,bending,pass,-,-,2026-03-28 09:49:14
U-1213,welding,pass,-,-,2026-03-28 10:32:27
U-1214,laser_cutting,pass,-,-,2026-03-28 08:51:36
U-1214,bending,pass,-,-,2026-03-28 09:28:04
U-1214,welding,fail,surface_porosity,low,2026-03-28 10:10:10
U-1215,laser_cutting,pass,-,-,2026-03-28 09:13:37
U-1215,bending,pass,-,-,2026-03-28 10:08:51
U-1215,welding,pass,-,-,2026-03-28 11:00:29
U-1216,laser_cutting,pass,-,-,2026-03-28 08:45:39
U-1216,bending,fail,angle_deviation,low,2026-03-28 09:29:57
U-1216,welding,pass,-,-,2026-03-28 09:57:15
U-1217,laser_cutting,pass,-,-,2026-03-28 08:27:22
U-1217,bending,pass,-,-,2026-03-28 08:59:52
U-1217,welding,fail,burn_through,low,2026-03-28 09:27:55
U-1218,laser_cutting,pass,-,-,2026-03-28 11:38:52
U-1218,bending,pass,-,-,2026-03-28 12:19:28
U-1218,welding,pass,-,-,2026-03-28 12:47:51
U-1219,laser_cutting,pass,-,-,2026-03-28 10:14:07
U-1219,bending,pass,-,-,2026-03-28 10:44:57
U-1219,welding,pass,-,-,2026-03-28 11:36:31
U-1220,laser_cutting,pass,-,-,2026-03-28 10:23:28
U-1220,bending,pass,-,-,2026-03-28 11:02:02
U-1220,welding,pass,-,-,2026-03-28 11:37:48
U-1221,laser_cutting,pass,-,-,2026-03-28 09:40:55
U-1221,bending,fail,angle_deviation,low,2026-03-28 10:39:33
U-1221,welding,pass,-,-,2026-03-28 11:25:25
U-1222,laser_cutting,pass,-,-,2026-03-28 08:52:02
U-1222,bending,pass,-,-,2026-03-28 09:13:44
U-1222,welding,fail,burn_through,medium,2026-03-28 09:39:34
U-1223,laser_cutting,pass,-,-,2026-03-28 09:15:18
U-1223,bending,pass,-,-,2026-03-28 09:49:28
U-1223,welding,pass,-,-,2026-03-28 10:24:53
U-1224,laser_cutting,pass,-,-,2026-03-28 11:14:07
U-1224,bending,fail,angle_deviation,high,2026-03-28 12:03:36
U-1224,welding,pass,-,-,2026-03-28 12:45:34
U-1225,laser_cutting,pass,-,-,2026-03-28 10:49:28
U-1225,bending,pass,-,-,2026-03-28 11:30:21
U-1225,welding,pass,-,-,2026-03-28 12:20:56
U-1226,laser_cutting,pass,-,-,2026-03-28 09:47:27
U-1226,bending,pass,-,-,2026-03-28 10:31:13
U-1226,welding,pass,-,-,2026-03-28 11:17:12
U-1227,laser_cutting,pass,-,-,2026-03-28 10:38:09
U-1227,bending,pass,-,-,2026-03-28 11:08:36
U-1227,welding,pass,-,-,2026-03-28 11:34:26
U-1228,laser_cutting,pass,-,-,2026-03-28 08:36:33
U-1228,bending,fail,angle_deviation,low,2026-03-28 09:20:39
U-1228,welding,pass,-,-,2026-03-28 09:47:27
U-1229,laser_cutting,pass,-,-,2026-03-28 10:24:09
U-1229,bending,pass,-,-,2026-03-28 10:52:27
U-1229,welding,pass,-,-,2026-03-28 11:31:02
U-1230,laser_cutting,pass,-,-,2026-03-28 08:31:34
U-1230,bending,pass,-,-,2026-03-28 09:06:33
U-1230,welding,fail,surface_porosity,low,2026-03-28 10:00:36
U-1231,laser_cutting,pass,-,-,2026-03-28 09:17:31
U-1231,bending,pass,-,-,2026-03-28 09:53:06
U-1231,welding,pass,-,-,2026-03-28 10:40:43
U-1232,laser_cutting,pass,-,-,2026-03-28 08:52:46
U-1232,bending,pass,-,-,2026-03-28 09:25:25
U-1232,welding,fail,surface_porosity,medium,2026-03-28 10:25:02
U-1233,laser_cutting,pass,-,-,2026-03-28 09:05:08
U-1233,bending,pass,-,-,2026-03-28 09:29:34
U-1233,welding,fail,surface_porosity,medium,2026-03-28 10:10:19
U-1234,laser_cutting,pass,-,-,2026-03-28 11:18:18
U-1234,bending,fail,angle_deviation,low,2026-03-28 12:13:40
U-1234,welding,pass,-,-,2026-03-28 12:56:26
U-1235,laser_cutting,pass,-,-,2026-03-28 11:08:48
U-1235,bending,pass,-,-,2026-03-28 11:40:58
U-1235,welding,pass,-,-,2026-03-28 12:24:01
U-1236,laser_cutting,pass,-,-,2026-03-28 10:57:16
U-1236,bending,pass,-,-,2026-03-28 11:37:03
U-1236,welding,pass,-,-,2026-03-28 12:07:46
U-1237,laser_cutting,pass,-,-,2026-03-28 10:03:04
U-1237,bending,pass,-,-,2026-03-28 10:48:05
U-1237,welding,pass,-,-,2026-03-28 11:42:39
U-1238,laser_cutting,pass,-,-,2026-03-28 11:00:52
U-1238,bending,pass,-,-,2026-03-28 11:43:42
U-1238,welding,pass,-,-,2026-03-28 12:16:22
U-1239,laser_cutting,pass,-,-,2026-03-28 10:23:08
U-1239,bending,pass,-,-,2026-03-28 11:11:04
U-1239,welding,pass,-,-,2026-03-28 11:39:24
U-1240,laser_cutting,pass,-,-,2026-03-28 10:09:00
U-1240,bending,pass,-,-,2026-03-28 10:33:37
U-1240,welding,pass,-,-,2026-03-28 11:15:41
U-1241,laser_cutting,pass,-,-,2026-03-28 08:49:55
U-1241,bending,pass,-,-,2026-03-28 09:38:02
U-1241,welding,pass,-,-,2026-03-28 10:15:10
U-1242,laser_cutting,pass,-,-,2026-03-28 10:18:57
U-1242,bending,pass,-,-,2026-03-28 10:41:36
U-1242,welding,fail,surface_porosity,high,2026-03-28 11:40:03
U-1243,laser_cutting,pass,-,-,2026-03-28 08:51:28
U-1243,bending,pass,-,-,2026-03-28 09:36:35
U-1243,welding,pass,-,-,2026-03-28 10:28:30
U-1244,laser_cutting,fail,edge_burr,medium,2026-03-28 08:34:13
U-1244,bending,pass,-,-,2026-03-28 08:55:34
U-1244,welding,pass,-,-,2026-03-28 09:52:22
U-1245,laser_cutting,pass,-,-,2026-03-28 10:45:47
U-1245,bending,pass,-,-,2026-03-28 11:23:18
U-1245,welding,fail,surface_porosity,low,2026-03-28 11:51:52
U-1246,laser_cutting,pass,-,-,2026-03-28 11:28:06
U-1246,bending,pass,-,-,2026-03-28 12:13:01
U-1246,welding,pass,-,-,2026-03-28 12:54:52
U-1247,laser_cutting,pass,-,-,2026-03-28 09:23:18
U-1247,bending,pass,-,-,2026-03-28 09:59:42
U-1247,welding,pass,-,-,2026-03-28 10:57:56
U-1248,laser_cutting,pass,-,-,2026-03-28 10:10:01
U-1248,bending,pass,-,-,2026-03-28 10:38:49
U-1248,welding,pass,-,-,2026-03-28 11:05:45
U-1249,laser_cutting,pass,-,-,2026-03-28 10:43:59
U-1249,bending,pass,-,-,2026-03-28 11:19:28
U-1249,welding,pass,-,-,2026-03-28 11:53:37
U-1250,laser_cutting,pass,-,-,2026-03-28 10:34:40
U-1250,bending,pass,-,-,2026-03-28 11:23:19
U-1250,welding,pass,-,-,2026-03-28 11:54:15
U-1251,laser_cutting,pass,-,-,2026-03-28 08:51:52
U-1251,bending,pass,-,-,2026-03-28 09:30:59
U-1251,welding,pass,-,-,2026-03-28 10:11:54
U-1252,laser_cutting,pass,-,-,2026-03-28 09:50:38
U-1252,bending,pass,-,-,2026-03-28 10:17:58
U-1252,welding,fail,surface_porosity,low,2026-03-28 10:54:37
U-1253,laser_cutting,pass,-,-,2026-03-28 09:30:45
U-1253,bending,pass,-,-,2026-03-28 09:57:42
U-1253,welding,pass,-,-,2026-03-28 10:34:48
U-1254,laser_cutting,pass,-,-,2026-03-28 10:50:39
U-1254,bending,pass,-,-,2026-03-28 11:27:52
U-1254,welding,fail,surface_porosity,low,2026-03-28 12:10:09
U-1255,laser_cutting,pass,-,-,2026-03-28 09:57:21
U-1255,bending,pass,-,-,2026-03-28 10:49:22
U-1255,welding,pass,-,-,2026-03-28 11:15:21
U-1256,laser_cutting,pass,-,-,2026-03-28 11:06:19
U-1256,bending,fail,springback,low,2026-03-28 11:49:39
U-1256,welding,pass,-,-,2026-03-28 12:44:19
U-1257,laser_cutting,pass,-,-,2026-03-28 08:40:53
U-1257,bending,pass,-,-,2026-03-28 09:08:33
U-1257,welding,pass,-,-,2026-03-28 09:51:23
U-1258,laser_cutting,pass,-,-,2026-03-28 10:45:55
U-1258,bending,pass,-,-,2026-03-28 11:15:10
U-1258,welding,pass,-,-,2026-03-28 11:55:54
U-1259,laser_cutting,fail,incomplete_cut,low,2026-03-28 09:25:33
U-1259,bending,fail,surface_crack,medium,2026-03-28 10:07:20
U-1259,welding,fail,surface_porosity,low,2026-03-28 10:43:33
U-1260,laser_cutting,pass,-,-,2026-03-28 09:32:54
U-1260,bending,pass,-,-,2026-03-28 10:05:33
U-1260,welding,pass,-,-,2026-03-28 10:37:49
U-1261,laser_cutting,pass,-,-,2026-03-28 09:38:43
U-1261,bending,pass,-,-,2026-03-28 10:11:19
U-1261,welding,pass,-,-,2026-03-28 10:46:04
U-1262,laser_cutting,pass,-,-,2026-03-28 09:34:47
U-1262,bending,pass,-,-,2026-03-28 10:23:29
U-1262,welding,pass,-,-,2026-03-28 11:02:25
U-1263,laser_cutting,pass,-,-,2026-03-28 09:48:46
U-1263,bending,pass,-,-,2026-03-28 10:37:17
U-1263,welding,pass,-,-,2026-03-28 11:21:51
U-1264,laser_cutting,pass,-,-,2026-03-28 10:17:45
U-1264,bending,pass,-,-,2026-03-28 10:50:52
U-1264,welding,pass,-,-,2026-03-28 11:42:28
U-1265,laser_cutting,pass,-,-,2026-03-28 11:01:13
U-1265,bending,pass,-,-,2026-03-28 11:31:45
U-1265,welding,pass,-,-,2026-03-28 12:19:15
U-1266,laser_cutting,pass,-,-,2026-03-28 10:02:30
U-1266,bending,pass,-,-,2026-03-28 10:43:04
U-1266,welding,fail,weak_joint,high,2026-03-28 11:08:25
U-1267,laser_cutting,pass,-,-,2026-03-28 09:48:33
U-1267,bending,pass,-,-,2026-03-28 10:36:15
U-1267,welding,fail,surface_porosity,low,2026-03-28 11:22:09
U-1268,laser_cutting,pass,-,-,2026-03-28 09:27:46
U-1268,bending,pass,-,-,2026-03-28 10:20:02
U-1268,welding,pass,-,-,2026-03-28 10:59:00
U-1269,laser_cutting,pass,-,-,2026-03-28 09:14:08
U-1269,bending,pass,-,-,2026-03-28 09:42:37
U-1269,welding,pass,-,-,2026-03-28 10:09:31
U-1270,laser_cutting,pass,-,-,2026-03-28 10:29:26
U-1270,bending,pass,-,-,2026-03-28 10:55:20
U-1270,welding,pass,-,-,2026-03-28 11:27:42
U-1271,laser_cutting,pass,-,-,2026-03-28 11:14:06
U-1271,bending,pass,-,-,2026-03-28 11:42:53
U-1271,welding,pass,-,-,2026-03-28 12:09:14
U-1272,laser_cutting,pass,-,-,2026-03-28 10:36:15
U-1272,bending,pass,-,-,2026-03-28 11:23:13
U-1272,welding,pass,-,-,2026-03-28 12:02:53
U-1273,laser_cutting,pass,-,-,2026-03-28 09:06:35
U-1273,bending,pass,-,-,2026-03-28 09:52:51
U-1273,welding,pass,-,-,2026-03-28 10:40:34
U-1274,laser_cutting,pass,-,-,2026-03-28 09:45:57
U-1274,bending,pass,-,-,2026-03-28 10:30:35
U-1274,welding,pass,-,-,2026-03-28 11:11:05
U-1275,laser_cutting,pass,-,-,2026-03-28 10:35:54
U-1275,bending,pass,-,-,2026-03-28 11:04:53
U-1275,welding,pass,-,-,2026-03-28 11:53:09
U-1276,laser_cutting,pass,-,-,2026-03-28 10:50:43
U-1276,bending,pass,-,-,2026-03-28 11:19:57
U-1276,welding,pass,-,-,2026-03-28 11:47:36
U-1277,laser_cutting,pass,-,-,2026-03-28 09:41:58
U-1277,bending,fail,springback,low,2026-03-28 10:26:29
U-1277,welding,pass,-,-,2026-03-28 11:07:24
U-1278,laser_cutting,pass,-,-,2026-03-28 09:08:27
U-1278,bending,pass,-,-,2026-03-28 09:39:50
U-1278,welding,pass,-,-,2026-03-28 10:21:35
U-1279,laser_cutting,pass,-,-,2026-03-28 09:56:40
U-1279,bending,pass,-,-,2026-03-28 10:25:44
U-1279,welding,pass,-,-,2026-03-28 11:05:54
U-1280,laser_cutting,pass,-,-,2026-03-28 10:49:09
U-1280,bending,pass,-,-,2026-03-28 11:22:27
U-1280,welding,pass,-,-,2026-03-28 11:59:55
U-1281,laser_cutting,pass,-,-,2026-03-28 11:07:19
U-1281,bending,pass,-,-,2026-03-28 11:57:52
U-1281,welding,pass,-,-,2026-03-28 12:32:15
U-1282,laser_cutting,pass,-,-,2026-03-28 08:37:02
U-1282,bending,pass,-,-,2026-03-28 09:16:31
U-1282,welding,fail,weak_joint,low,2026-03-28 09:38:59
U-1283,laser_cutting,pass,-,-,2026-03-28 08:48:45
U-1283,bending,pass,-,-,2026-03-28 09:27:41
U-1283,welding,pass,-,-,2026-03-28 10:05:45
U-1284,laser_cutting,pass,-,-,2026-03-28 10:13:49
U-1284,bending,pass,-,-,2026-03-28 10:50:27
U-1284,welding,pass,-,-,2026-03-28 11:39:14
U-1285,laser_cutting,pass,-,-,2026-03-28 09:31:34
U-1285,bending,pass,-,-,2026-03-28 10:26:12
U-1285,welding,pass,-,-,2026-03-28 11:25:39
U-1286,laser_cutting,pass,-,-,2026-03-28 11:08:53
U-1286,bending,pass,-,-,2026-03-28 11:55:13
U-1286,welding,pass,-,-,2026-03-28 12:33:01
U-1287,laser_cutting,pass,-,-,2026-03-28 08:54:23
U-1287,bending,pass,-,-,2026-03-28 09:46:40
U-1287,welding,pass,-,-,2026-03-28 10:16:42
U-1288,laser_cutting,pass,-,-,2026-03-28 11:19:06
U-1288,bending,pass,-,-,2026-03-28 12:01:56
U-1288,welding,fail,surface_porosity,medium,2026-03-28 12:54:46
U-1289,laser_cutting,fail,incomplete_cut,low,2026-03-28 09:46:10
U-1289,bending,pass,-,-,2026-03-28 10:18:50
U-1289,welding,pass,-,-,2026-03-28 10:41:42
U-1290,laser_cutting,pass,-,-,2026-03-28 09:17:44
U-1290,bending,pass,-,-,2026-03-28 09:48:10
U-1290,welding,pass,-,-,2026-03-28 10:15:05
U-1291,laser_cutting,pass,-,-,2026-03-28 09:12:59
U-1291,bending,pass,-,-,2026-03-28 10:01:04
U-1291,welding,pass,-,-,2026-03-28 10:49:37
